MinX,MaxX,MinY,MaxY,GridID
152.7,152.8,-25.6,-25.5,1
146,146.1,-17.9,-17.8,2
136.5,136.6,-13.1,-13,3
152.8,152.9,-25.6,-25.5,4
146.1,146.2,-17.9,-17.8,5
136.6,136.7,-13.1,-13,6
152.9,153,-25.6,-25.5,7
133.7,133.8,-32.4,-32.3,8
133.8,133.9,-32.4,-32.3,9
133.9,134,-32.4,-32.3,10
142,142.1,-10.2,-10.1,11
142.1,142.2,-10.2,-10.1,12
136.5,136.6,-16,-15.9,13
142.2,142.3,-10.2,-10.1,14
136.6,136.7,-16,-15.9,15
142.3,142.4,-10.2,-10.1,16
136.7,136.8,-16,-15.9,17
136.8,136.9,-16,-15.9,18
136.9,137,-16,-15.9,19
113.5,113.6,-25.7,-25.6,20
137,137.1,-16,-15.9,21
137.1,137.2,-16,-15.9,22
153.5,153.6,-28.5,-28.4,23
122.3,122.4,-17,-16.9,24
122.4,122.5,-17,-16.9,25
122.5,122.6,-17,-16.9,26
122.6,122.7,-17,-16.9,27
123.1,123.2,-17,-16.9,28
125.9,126,-14.1,-14,29
123.2,123.3,-17,-16.9,30
126,126.1,-14.1,-14,31
126.1,126.2,-14.1,-14,32
126.3,126.4,-14.1,-14,33
126.4,126.5,-14.1,-14,34
123.6,123.7,-17,-16.9,35
126.5,126.6,-14.1,-14,36
141.6,141.7,-13.1,-13,37
123.7,123.8,-17,-16.9,38
123.8,123.9,-17,-16.9,39
126.6,126.7,-14.1,-14,40
123.9,124,-17,-16.9,41
126.7,126.8,-14.1,-14,42
126.8,126.9,-14.1,-14,43
148.6,148.7,-20.8,-20.7,44
126.9,127,-14.1,-14,45
148.7,148.8,-20.8,-20.7,46
152.7,152.8,-31.4,-31.3,47
148.8,148.9,-20.8,-20.7,48
152.8,152.9,-31.4,-31.3,49
127.3,127.4,-14.1,-14,50
127.4,127.5,-14.1,-14,51
127.5,127.6,-14.1,-14,52
130.4,130.5,-11.2,-11.1,53
143.5,143.6,-13.1,-13,54
131.2,131.3,-11.2,-11.1,55
141.3,141.4,-16,-15.9,56
141.4,141.5,-16,-15.9,57
131.9,132,-11.2,-11.1,58
141.5,141.6,-16,-15.9,59
132,132.1,-11.2,-11.1,60
132.1,132.2,-11.2,-11.1,61
129.4,129.5,-14.1,-14,62
132.2,132.3,-11.2,-11.1,63
129.5,129.6,-14.1,-14,64
132.3,132.4,-11.2,-11.1,65
129.6,129.7,-14.1,-14,66
129.7,129.8,-14.1,-14,67
132.5,132.6,-11.2,-11.1,68
150.7,150.8,-23.7,-23.6,69
150.8,150.9,-23.7,-23.6,70
150.9,151,-23.7,-23.6,71
151,151.1,-23.7,-23.6,72
151.1,151.2,-23.7,-23.6,73
151.2,151.3,-23.7,-23.6,74
145.3,145.4,-16,-15.9,75
145.4,145.5,-16,-15.9,76
136.6,136.7,-11.2,-11.1,77
136.7,136.8,-11.2,-11.1,78
135.8,135.9,-14.1,-14,79
135.9,136,-14.1,-14,80
136.4,136.5,-14.1,-14,81
136.6,136.7,-14.1,-14,82
136.7,136.8,-14.1,-14,83
146.2,146.3,-18.9,-18.8,84
116.1,116.2,-20.9,-20.8,85
153,153.1,-26.6,-26.5,86
116.2,116.3,-20.9,-20.8,87
116.3,116.4,-20.9,-20.8,88
116.4,116.5,-20.9,-20.8,89
116.5,116.6,-20.9,-20.8,90
142.1,142.2,-11.2,-11.1,91
144.4,144.5,-38.2,-38.1,92
153,153.1,-29.5,-29.4,93
153.1,153.2,-29.5,-29.4,94
124.7,124.8,-15.1,-15,95
153.2,153.3,-29.5,-29.4,96
124.8,124.9,-15.1,-15,97
142.7,142.8,-11.2,-11.1,98
153.3,153.4,-29.5,-29.4,99
122.1,122.2,-18,-17.9,100
124.9,125,-15.1,-15,101
122.2,122.3,-18,-17.9,102
125,125.1,-15.1,-15,103
122.3,122.4,-18,-17.9,104
125.1,125.2,-15.1,-15,105
125.2,125.3,-15.1,-15,106
145.3,145.4,-38.2,-38.1,107
125.3,125.4,-15.1,-15,108
125.4,125.5,-15.1,-15,109
141.5,141.6,-14.1,-14,110
141.6,141.7,-14.1,-14,111
138.9,139,-17,-16.9,112
152.4,152.5,-32.4,-32.3,113
139,139.1,-17,-16.9,114
137.3,137.4,-33.4,-33.3,115
152.5,152.6,-32.4,-32.3,116
139.2,139.3,-17,-16.9,117
139.3,139.4,-17,-16.9,118
139.4,139.5,-17,-16.9,119
139.5,139.6,-17,-16.9,120
137.8,137.9,-33.4,-33.3,121
150.4,150.5,-35.3,-35.2,122
149.4,149.5,-21.8,-21.7,123
128,128.1,-15.1,-15,124
128.1,128.2,-15.1,-15,125
130.9,131,-12.2,-12.1,126
128.2,128.3,-15.1,-15,127
131,131.1,-12.2,-12.1,128
128.3,128.4,-15.1,-15,129
131.1,131.2,-12.2,-12.1,130
128.4,128.5,-15.1,-15,131
131.2,131.3,-12.2,-12.1,132
128.5,128.6,-15.1,-15,133
143.6,143.7,-14.1,-14,134
131.3,131.4,-12.2,-12.1,135
140.9,141,-17,-16.9,136
141,141.1,-17,-16.9,137
141.1,141.2,-17,-16.9,138
128.9,129,-15.1,-15,139
129,129.1,-15.1,-15,140
129.1,129.2,-15.1,-15,141
144.2,144.3,-14.1,-14,142
129.2,129.3,-15.1,-15,143
144.3,144.4,-14.1,-14,144
129.3,129.4,-15.1,-15,145
129.4,129.5,-15.1,-15,146
132.2,132.3,-12.2,-12.1,147
129.5,129.6,-15.1,-15,148
132.3,132.4,-12.2,-12.1,149
129.6,129.7,-15.1,-15,150
132.4,132.5,-12.2,-12.1,151
132.5,132.6,-12.2,-12.1,152
129.7,129.8,-15.1,-15,153
132.6,132.7,-12.2,-12.1,154
132.7,132.8,-12.2,-12.1,155
132.8,132.9,-12.2,-12.1,156
134,134.1,-12.2,-12.1,157
134.1,134.2,-12.2,-12.1,158
134.2,134.3,-12.2,-12.1,159
134.4,134.5,-12.2,-12.1,160
134.5,134.6,-12.2,-12.1,161
134.6,134.7,-12.2,-12.1,162
134.7,134.8,-12.2,-12.1,163
134.8,134.9,-12.2,-12.1,164
134.9,135,-12.2,-12.1,165
135.2,135.3,-12.2,-12.1,166
135.3,135.4,-12.2,-12.1,167
135.4,135.5,-12.2,-12.1,168
135.5,135.6,-12.2,-12.1,169
135.6,135.7,-12.2,-12.1,170
152,152.1,-24.7,-24.6,171
135.8,135.9,-12.2,-12.1,172
152.1,152.2,-24.7,-24.6,173
135.9,136,-12.2,-12.1,174
152.2,152.3,-24.7,-24.6,175
136,136.1,-12.2,-12.1,176
136.1,136.2,-12.2,-12.1,177
145.7,145.8,-17,-16.9,178
136.2,136.3,-12.2,-12.1,179
145.8,145.9,-17,-16.9,180
136.3,136.4,-12.2,-12.1,181
136.4,136.5,-12.2,-12.1,182
136.5,136.6,-12.2,-12.1,183
136.6,136.7,-12.2,-12.1,184
136.7,136.8,-12.2,-12.1,185
136.8,136.9,-12.2,-12.1,186
114.6,114.7,-21.9,-21.8,187
135.4,135.5,-15.1,-15,188
114.7,114.8,-21.9,-21.8,189
135.5,135.6,-15.1,-15,190
135.6,135.7,-15.1,-15,191
135.7,135.8,-15.1,-15,192
153.1,153.2,-27.6,-27.5,193
153.2,153.3,-27.6,-27.5,194
153.3,153.4,-27.6,-27.5,195
113.6,113.7,-24.8,-24.7,196
153.4,153.5,-27.6,-27.5,197
147.6,147.7,-19.9,-19.8,198
147.7,147.8,-19.9,-19.8,199
147.8,147.9,-19.9,-19.8,200
147.9,148,-19.9,-19.8,201
123.3,123.4,-16.1,-16,202
123.4,123.5,-16.1,-16,203
123.5,123.6,-16.1,-16,204
141.7,141.8,-12.2,-12.1,205
123.9,124,-16.1,-16,206
141.8,141.9,-12.2,-12.1,207
141.9,142,-12.2,-12.1,208
124,124.1,-16.1,-16,209
142,142.1,-12.2,-12.1,210
121.5,121.6,-19,-18.9,211
142.2,142.3,-12.2,-12.1,212
124.3,124.4,-16.1,-16,213
152.9,153,-30.5,-30.4,214
124.4,124.5,-16.1,-16,215
153,153.1,-30.5,-30.4,216
124.5,124.6,-16.1,-16,217
124.6,124.7,-16.1,-16,218
124.7,124.8,-16.1,-16,219
143,143.1,-12.2,-12.1,220
151.1,151.2,-33.4,-33.3,221
136.1,136.2,-34.4,-34.3,222
141.6,141.7,-15.1,-15,223
141.7,141.8,-15.1,-15,224
130,130.1,-13.2,-13.1,225
137.9,138,-34.4,-34.3,226
130.1,130.2,-13.2,-13.1,227
138,138.1,-34.4,-34.3,228
130.2,130.3,-13.2,-13.1,229
145.2,145.3,-15.1,-15,230
145.3,145.4,-15.1,-15,231
145.4,145.5,-15.1,-15,232
135.8,135.9,-13.2,-13.1,233
135.9,136,-13.2,-13.1,234
136,136.1,-13.2,-13.1,235
136.1,136.2,-13.2,-13.1,236
136.2,136.3,-13.2,-13.1,237
136.3,136.4,-13.2,-13.1,238
145.9,146,-18,-17.9,239
136.4,136.5,-13.2,-13.1,240
146,146.1,-18,-17.9,241
136.5,136.6,-13.2,-13.1,242
152.8,152.9,-25.7,-25.6,243
146.1,146.2,-18,-17.9,244
152.9,153,-25.7,-25.6,245
133.8,133.9,-32.5,-32.4,246
133.9,134,-32.5,-32.4,247
134,134.1,-32.5,-32.4,248
134.1,134.2,-32.5,-32.4,249
142,142.1,-10.3,-10.2,250
142.1,142.2,-10.3,-10.2,251
142.2,142.3,-10.3,-10.2,252
142.3,142.4,-10.3,-10.2,253
113.4,113.5,-25.8,-25.7,254
119,119.1,-20,-19.9,255
119.1,119.2,-20,-19.9,256
137,137.1,-16.1,-16,257
119.2,119.3,-20,-19.9,258
137.1,137.2,-16.1,-16,259
119.3,119.4,-20,-19.9,260
137.2,137.3,-16.1,-16,261
153.5,153.6,-28.6,-28.5,262
137.3,137.4,-16.1,-16,263
122.3,122.4,-17.1,-17,264
122.4,122.5,-17.1,-17,265
119.7,119.8,-20,-19.9,266
125.6,125.7,-14.2,-14.1,267
125.7,125.8,-14.2,-14.1,268
123.2,123.3,-17.1,-17,269
123.3,123.4,-17.1,-17,270
126.1,126.2,-14.2,-14.1,271
126.2,126.3,-14.2,-14.1,272
123.5,123.6,-17.1,-17,273
126.3,126.4,-14.2,-14.1,274
123.6,123.7,-17.1,-17,275
126.4,126.5,-14.2,-14.1,276
123.7,123.8,-17.1,-17,277
126.5,126.6,-14.2,-14.1,278
123.8,123.9,-17.1,-17,279
141.7,141.8,-13.2,-13.1,280
126.6,126.7,-14.2,-14.1,281
123.9,124,-17.1,-17,282
126.7,126.8,-14.2,-14.1,283
148.7,148.8,-20.9,-20.8,284
152.7,152.8,-31.5,-31.4,285
148.8,148.9,-20.9,-20.8,286
137.7,137.8,-32.5,-32.4,287
152.8,152.9,-31.5,-31.4,288
148.9,149,-20.9,-20.8,289
152.9,153,-31.5,-31.4,290
127.5,127.6,-14.2,-14.1,291
130.3,130.4,-11.3,-11.2,292
127.6,127.7,-14.2,-14.1,293
130.4,130.5,-11.3,-11.2,294
130.5,130.6,-11.3,-11.2,295
131,131.1,-11.3,-11.2,296
143.4,143.5,-13.2,-13.1,297
131.1,131.2,-11.3,-11.2,298
143.5,143.6,-13.2,-13.1,299
131.2,131.3,-11.3,-11.2,300
143.6,143.7,-13.2,-13.1,301
131.3,131.4,-11.3,-11.2,302
131.4,131.5,-11.3,-11.2,303
131.7,131.8,-11.3,-11.2,304
131.8,131.9,-11.3,-11.2,305
141.4,141.5,-16.1,-16,306
131.9,132,-11.3,-11.2,307
141.5,141.6,-16.1,-16,308
132,132.1,-11.3,-11.2,309
132.1,132.2,-11.3,-11.2,310
129.4,129.5,-14.2,-14.1,311
132.2,132.3,-11.3,-11.2,312
129.5,129.6,-14.2,-14.1,313
132.3,132.4,-11.3,-11.2,314
129.6,129.7,-14.2,-14.1,315
132.4,132.5,-11.3,-11.2,316
132.5,132.6,-11.3,-11.2,317
132.6,132.7,-11.3,-11.2,318
151.1,151.2,-23.8,-23.7,319
151.2,151.3,-23.8,-23.7,320
151.3,151.4,-23.8,-23.7,321
136.5,136.6,-11.3,-11.2,322
136.6,136.7,-11.3,-11.2,323
136.7,136.8,-11.3,-11.2,324
135.7,135.8,-14.2,-14.1,325
135.8,135.9,-14.2,-14.1,326
135.9,136,-14.2,-14.1,327
136.4,136.5,-14.2,-14.1,328
136.6,136.7,-14.2,-14.1,329
152.9,153,-26.7,-26.6,330
116,116.1,-21,-20.9,331
136.7,136.8,-14.2,-14.1,332
146.2,146.3,-19,-18.9,333
116.1,116.2,-21,-20.9,334
146.3,146.4,-19,-18.9,335
153,153.1,-26.7,-26.6,336
116.2,116.3,-21,-20.9,337
146.4,146.5,-19,-18.9,338
153.1,153.2,-26.7,-26.6,339
142.1,142.2,-11.3,-11.2,340
144.4,144.5,-38.3,-38.2,341
144.5,144.6,-38.3,-38.2,342
153.2,153.3,-29.6,-29.5,343
124.8,124.9,-15.2,-15.1,344
142.7,142.8,-11.3,-11.2,345
153.3,153.4,-29.6,-29.5,346
124.9,125,-15.2,-15.1,347
142.8,142.9,-11.3,-11.2,348
122.2,122.3,-18.1,-18,349
125,125.1,-15.2,-15.1,350
145.1,145.2,-38.3,-38.2,351
122.3,122.4,-18.1,-18,352
125.1,125.2,-15.2,-15.1,353
145.2,145.3,-38.3,-38.2,354
125.2,125.3,-15.2,-15.1,355
145.3,145.4,-38.3,-38.2,356
125.3,125.4,-15.2,-15.1,357
145.4,145.5,-38.3,-38.2,358
125.4,125.5,-15.2,-15.1,359
125.5,125.6,-15.2,-15.1,360
141.5,141.6,-14.2,-14.1,361
141.6,141.7,-14.2,-14.1,362
141.7,141.8,-14.2,-14.1,363
139,139.1,-17.1,-17,364
137.3,137.4,-33.5,-33.4,365
152.5,152.6,-32.5,-32.4,366
139.1,139.2,-17.1,-17,367
139.2,139.3,-17.1,-17,368
139.3,139.4,-17.1,-17,369
139.4,139.5,-17.1,-17,370
139.5,139.6,-17.1,-17,371
139.6,139.7,-17.1,-17,372
150.4,150.5,-35.4,-35.3,373
149.4,149.5,-21.9,-21.8,374
127.8,127.9,-15.2,-15.1,375
127.9,128,-15.2,-15.1,376
128,128.1,-15.2,-15.1,377
130.9,131,-12.3,-12.2,378
128.1,128.2,-15.2,-15.1,379
131,131.1,-12.3,-12.2,380
128.2,128.3,-15.2,-15.1,381
131.1,131.2,-12.3,-12.2,382
128.3,128.4,-15.2,-15.1,383
131.2,131.3,-12.3,-12.2,384
143.6,143.7,-14.2,-14.1,385
131.3,131.4,-12.3,-12.2,386
140.9,141,-17.1,-17,387
131.4,131.5,-12.3,-12.2,388
141,141.1,-17.1,-17,389
131.5,131.6,-12.3,-12.2,390
131.6,131.7,-12.3,-12.2,391
141.1,141.2,-17.1,-17,392
131.7,131.8,-12.3,-12.2,393
131.8,131.9,-12.3,-12.2,394
129,129.1,-15.2,-15.1,395
144.2,144.3,-14.2,-14.1,396
131.9,132,-12.3,-12.2,397
129.1,129.2,-15.2,-15.1,398
144.3,144.4,-14.2,-14.1,399
132,132.1,-12.3,-12.2,400
129.2,129.3,-15.2,-15.1,401
132.1,132.2,-12.3,-12.2,402
129.3,129.4,-15.2,-15.1,403
144.5,144.6,-14.2,-14.1,404
132.2,132.3,-12.3,-12.2,405
132.3,132.4,-12.3,-12.2,406
129.5,129.6,-15.2,-15.1,407
132.4,132.5,-12.3,-12.2,408
129.6,129.7,-15.2,-15.1,409
129.7,129.8,-15.2,-15.1,410
129.8,129.9,-15.2,-15.1,411
132.7,132.8,-12.3,-12.2,412
132.8,132.9,-12.3,-12.2,413
134,134.1,-12.3,-12.2,414
134.1,134.2,-12.3,-12.2,415
134.2,134.3,-12.3,-12.2,416
134.4,134.5,-12.3,-12.2,417
134.5,134.6,-12.3,-12.2,418
134.6,134.7,-12.3,-12.2,419
134.7,134.8,-12.3,-12.2,420
134.8,134.9,-12.3,-12.2,421
134.9,135,-12.3,-12.2,422
135,135.1,-12.3,-12.2,423
135.1,135.2,-12.3,-12.2,424
135.2,135.3,-12.3,-12.2,425
135.3,135.4,-12.3,-12.2,426
135.4,135.5,-12.3,-12.2,427
135.5,135.6,-12.3,-12.2,428
135.6,135.7,-12.3,-12.2,429
135.7,135.8,-12.3,-12.2,430
135.8,135.9,-12.3,-12.2,431
152.1,152.2,-24.8,-24.7,432
135.9,136,-12.3,-12.2,433
152.2,152.3,-24.8,-24.7,434
136,136.1,-12.3,-12.2,435
152.3,152.4,-24.8,-24.7,436
152.4,152.5,-24.8,-24.7,437
145.7,145.8,-17.1,-17,438
136.2,136.3,-12.3,-12.2,439
145.8,145.9,-17.1,-17,440
136.3,136.4,-12.3,-12.2,441
145.9,146,-17.1,-17,442
136.4,136.5,-12.3,-12.2,443
136.5,136.6,-12.3,-12.2,444
136.6,136.7,-12.3,-12.2,445
136.7,136.8,-12.3,-12.2,446
136.8,136.9,-12.3,-12.2,447
136.9,137,-12.3,-12.2,448
113.9,114,-22,-21.9,449
114.5,114.6,-22,-21.9,450
114.6,114.7,-22,-21.9,451
135.5,135.6,-15.2,-15.1,452
135.6,135.7,-15.2,-15.1,453
135.7,135.8,-15.2,-15.1,454
135.8,135.9,-15.2,-15.1,455
153.1,153.2,-27.7,-27.6,456
153.2,153.3,-27.7,-27.6,457
153.3,153.4,-27.7,-27.6,458
113.6,113.7,-24.9,-24.8,459
153.4,153.5,-27.7,-27.6,460
147.8,147.9,-20,-19.9,461
147.9,148,-20,-19.9,462
123.3,123.4,-16.2,-16.1,463
148,148.1,-20,-19.9,464
123.4,123.5,-16.2,-16.1,465
123.5,123.6,-16.2,-16.1,466
148.1,148.2,-20,-19.9,467
123.6,123.7,-16.2,-16.1,468
148.2,148.3,-20,-19.9,469
123.7,123.8,-16.2,-16.1,470
123.8,123.9,-16.2,-16.1,471
141.7,141.8,-12.3,-12.2,472
123.9,124,-16.2,-16.1,473
141.8,141.9,-12.3,-12.2,474
141.9,142,-12.3,-12.2,475
124,124.1,-16.2,-16.1,476
142,142.1,-12.3,-12.2,477
124.1,124.2,-16.2,-16.1,478
124.3,124.4,-16.2,-16.1,479
152.9,153,-30.6,-30.5,480
124.4,124.5,-16.2,-16.1,481
153,153.1,-30.6,-30.5,482
124.5,124.6,-16.2,-16.1,483
124.6,124.7,-16.2,-16.1,484
151,151.1,-33.5,-33.4,485
136,136.1,-34.5,-34.4,486
151.1,151.2,-33.5,-33.4,487
136.1,136.2,-34.5,-34.4,488
151.2,151.3,-33.5,-33.4,489
151.3,151.4,-33.5,-33.4,490
141.5,141.6,-15.2,-15.1,491
141.6,141.7,-15.2,-15.1,492
141.7,141.8,-15.2,-15.1,493
141.8,141.9,-15.2,-15.1,494
150,150.1,-36.4,-36.3,495
130,130.1,-13.3,-13.2,496
130.1,130.2,-13.3,-13.2,497
130.2,130.3,-13.3,-13.2,498
130.3,130.4,-13.3,-13.2,499
150.7,150.8,-22.9,-22.8,500
145.2,145.3,-15.2,-15.1,501
145.4,145.5,-15.2,-15.1,502
135.8,135.9,-13.3,-13.2,503
135.9,136,-13.3,-13.2,504
136,136.1,-13.3,-13.2,505
136.1,136.2,-13.3,-13.2,506
136.2,136.3,-13.3,-13.2,507
136.3,136.4,-13.3,-13.2,508
145.9,146,-18.1,-18,509
136.4,136.5,-13.3,-13.2,510
146,146.1,-18.1,-18,511
152.8,152.9,-25.8,-25.7,512
152.9,153,-25.8,-25.7,513
153,153.1,-25.8,-25.7,514
133.9,134,-32.6,-32.5,515
142,142.1,-10.4,-10.3,516
113.4,113.5,-25.9,-25.8,517
119,119.1,-20.1,-20,518
119.1,119.2,-20.1,-20,519
119.3,119.4,-20.1,-20,520
137.2,137.3,-16.2,-16.1,521
113.8,113.9,-25.9,-25.8,522
119.4,119.5,-20.1,-20,523
122.2,122.3,-17.2,-17.1,524
137.3,137.4,-16.2,-16.1,525
153.6,153.7,-28.7,-28.6,526
113.9,114,-25.9,-25.8,527
119.5,119.6,-20.1,-20,528
122.3,122.4,-17.2,-17.1,529
137.4,137.5,-16.2,-16.1,530
119.6,119.7,-20.1,-20,531
137.5,137.6,-16.2,-16.1,532
119.7,119.8,-20.1,-20,533
137.6,137.7,-16.2,-16.1,534
125.6,125.7,-14.3,-14.2,535
123.2,123.3,-17.2,-17.1,536
126,126.1,-14.3,-14.2,537
123.3,123.4,-17.2,-17.1,538
126.1,126.2,-14.3,-14.2,539
126.2,126.3,-14.3,-14.2,540
123.5,123.6,-17.2,-17.1,541
126.3,126.4,-14.3,-14.2,542
123.6,123.7,-17.2,-17.1,543
123.7,123.8,-17.2,-17.1,544
126.5,126.6,-14.3,-14.2,545
123.8,123.9,-17.2,-17.1,546
141.7,141.8,-13.3,-13.2,547
126.6,126.7,-14.3,-14.2,548
123.9,124,-17.2,-17.1,549
148.8,148.9,-21,-20.9,550
137.7,137.8,-32.6,-32.5,551
152.8,152.9,-31.6,-31.5,552
148.9,149,-21,-20.9,553
137.8,137.9,-32.6,-32.5,554
149,149.1,-21,-20.9,555
149.1,149.2,-21,-20.9,556
130.2,130.3,-11.4,-11.3,557
130.3,130.4,-11.4,-11.3,558
127.6,127.7,-14.3,-14.2,559
130.4,130.5,-11.4,-11.3,560
127.7,127.8,-14.3,-14.2,561
130.5,130.6,-11.4,-11.3,562
130.6,130.7,-11.4,-11.3,563
150.8,150.9,-34.5,-34.4,564
130.7,130.8,-11.4,-11.3,565
130.8,130.9,-11.4,-11.3,566
130.9,131,-11.4,-11.3,567
131,131.1,-11.4,-11.3,568
131.1,131.2,-11.4,-11.3,569
143.5,143.6,-13.3,-13.2,570
131.2,131.3,-11.4,-11.3,571
131.3,131.4,-11.4,-11.3,572
131.4,131.5,-11.4,-11.3,573
131.5,131.6,-11.4,-11.3,574
131.7,131.8,-11.4,-11.3,575
131.8,131.9,-11.4,-11.3,576
141.4,141.5,-16.2,-16.1,577
131.9,132,-11.4,-11.3,578
132,132.1,-11.4,-11.3,579
132.1,132.2,-11.4,-11.3,580
129.4,129.5,-14.3,-14.2,581
132.2,132.3,-11.4,-11.3,582
129.5,129.6,-14.3,-14.2,583
132.3,132.4,-11.4,-11.3,584
132.4,132.5,-11.4,-11.3,585
132.5,132.6,-11.4,-11.3,586
132.6,132.7,-11.4,-11.3,587
132.8,132.9,-11.4,-11.3,588
132.9,133,-11.4,-11.3,589
151.1,151.2,-23.9,-23.8,590
151.2,151.3,-23.9,-23.8,591
151.3,151.4,-23.9,-23.8,592
145.4,145.5,-16.2,-16.1,593
136.4,136.5,-11.4,-11.3,594
136.5,136.6,-11.4,-11.3,595
135.5,135.6,-14.3,-14.2,596
135.6,135.7,-14.3,-14.2,597
135.7,135.8,-14.3,-14.2,598
135.8,135.9,-14.3,-14.2,599
136.3,136.4,-14.3,-14.2,600
136.4,136.5,-14.3,-14.2,601
136.5,136.6,-14.3,-14.2,602
115.9,116,-21.1,-21,603
116,116.1,-21.1,-21,604
136.7,136.8,-14.3,-14.2,605
116.1,116.2,-21.1,-21,606
146.3,146.4,-19.1,-19,607
153,153.1,-26.8,-26.7,608
146.4,146.5,-19.1,-19,609
153.1,153.2,-26.8,-26.7,610
146.5,146.6,-19.1,-19,611
124.2,124.3,-15.3,-15.2,612
142.1,142.2,-11.4,-11.3,613
124.3,124.4,-15.3,-15.2,614
124.4,124.5,-15.3,-15.2,615
124.5,124.6,-15.3,-15.2,616
124.6,124.7,-15.3,-15.2,617
124.7,124.8,-15.3,-15.2,618
124.8,124.9,-15.3,-15.2,619
153.3,153.4,-29.7,-29.6,620
124.9,125,-15.3,-15.2,621
122.2,122.3,-18.2,-18.1,622
125,125.1,-15.3,-15.2,623
145.1,145.2,-38.4,-38.3,624
122.3,122.4,-18.2,-18.1,625
125.1,125.2,-15.3,-15.2,626
145.2,145.3,-38.4,-38.3,627
145.3,145.4,-38.4,-38.3,628
125.3,125.4,-15.3,-15.2,629
145.4,145.5,-38.4,-38.3,630
145.5,145.6,-38.4,-38.3,631
125.5,125.6,-15.3,-15.2,632
151.9,152,-32.6,-32.5,633
152,152.1,-32.6,-32.5,634
141.6,141.7,-14.3,-14.2,635
137.2,137.3,-33.6,-33.5,636
137.3,137.4,-33.6,-33.5,637
139.1,139.2,-17.2,-17.1,638
139.3,139.4,-17.2,-17.1,639
139.4,139.5,-17.2,-17.1,640
139.5,139.6,-17.2,-17.1,641
137.8,137.9,-33.6,-33.5,642
139.6,139.7,-17.2,-17.1,643
137.9,138,-33.6,-33.5,644
149.4,149.5,-22,-21.9,645
149.5,149.6,-22,-21.9,646
130.5,130.6,-12.4,-12.3,647
127.8,127.9,-15.3,-15.2,648
130.6,130.7,-12.4,-12.3,649
127.9,128,-15.3,-15.2,650
128,128.1,-15.3,-15.2,651
130.8,130.9,-12.4,-12.3,652
130.9,131,-12.4,-12.3,653
128.1,128.2,-15.3,-15.2,654
131,131.1,-12.4,-12.3,655
128.2,128.3,-15.3,-15.2,656
131.1,131.2,-12.4,-12.3,657
128.3,128.4,-15.3,-15.2,658
131.2,131.3,-12.4,-12.3,659
131.3,131.4,-12.4,-12.3,660
140.9,141,-17.2,-17.1,661
143.7,143.8,-14.3,-14.2,662
141,141.1,-17.2,-17.1,663
131.5,131.6,-12.4,-12.3,664
131.6,131.7,-12.4,-12.3,665
131.7,131.8,-12.4,-12.3,666
144.1,144.2,-14.3,-14.2,667
131.8,131.9,-12.4,-12.3,668
144.2,144.3,-14.3,-14.2,669
131.9,132,-12.4,-12.3,670
129.1,129.2,-15.3,-15.2,671
144.3,144.4,-14.3,-14.2,672
132,132.1,-12.4,-12.3,673
144.4,144.5,-14.3,-14.2,674
132.1,132.2,-12.4,-12.3,675
144.5,144.6,-14.3,-14.2,676
132.2,132.3,-12.4,-12.3,677
132.3,132.4,-12.4,-12.3,678
132.4,132.5,-12.4,-12.3,679
129.6,129.7,-15.3,-15.2,680
129.7,129.8,-15.3,-15.2,681
129.8,129.9,-15.3,-15.2,682
134.1,134.2,-12.4,-12.3,683
134.9,135,-12.4,-12.3,684
135,135.1,-12.4,-12.3,685
135.1,135.2,-12.4,-12.3,686
135.2,135.3,-12.4,-12.3,687
135.3,135.4,-12.4,-12.3,688
135.6,135.7,-12.4,-12.3,689
135.7,135.8,-12.4,-12.3,690
135.8,135.9,-12.4,-12.3,691
135.9,136,-12.4,-12.3,692
136,136.1,-12.4,-12.3,693
152.3,152.4,-24.9,-24.8,694
152.4,152.5,-24.9,-24.8,695
136.2,136.3,-12.4,-12.3,696
136.3,136.4,-12.4,-12.3,697
145.9,146,-17.2,-17.1,698
136.4,136.5,-12.4,-12.3,699
136.6,136.7,-12.4,-12.3,700
136.7,136.8,-12.4,-12.3,701
136.8,136.9,-12.4,-12.3,702
136.9,137,-12.4,-12.3,703
114.5,114.6,-22.1,-22,704
114.6,114.7,-22.1,-22,705
135.4,135.5,-15.3,-15.2,706
135.5,135.6,-15.3,-15.2,707
135.6,135.7,-15.3,-15.2,708
135.8,135.9,-15.3,-15.2,709
135.9,136,-15.3,-15.2,710
153.1,153.2,-27.8,-27.7,711
153.2,153.3,-27.8,-27.7,712
113.6,113.7,-25,-24.9,713
153.3,153.4,-27.8,-27.7,714
153.4,153.5,-27.8,-27.7,715
123,123.1,-16.3,-16.2,716
123.2,123.3,-16.3,-16.2,717
123.3,123.4,-16.3,-16.2,718
123.4,123.5,-16.3,-16.2,719
123.5,123.6,-16.3,-16.2,720
148.2,148.3,-20.1,-20,721
123.6,123.7,-16.3,-16.2,722
123.7,123.8,-16.3,-16.2,723
141.6,141.7,-12.4,-12.3,724
148.4,148.5,-20.1,-20,725
123.8,123.9,-16.3,-16.2,726
141.7,141.8,-12.4,-12.3,727
123.9,124,-16.3,-16.2,728
141.8,141.9,-12.4,-12.3,729
124,124.1,-16.3,-16.2,730
141.9,142,-12.4,-12.3,731
124.1,124.2,-16.3,-16.2,732
148.8,148.9,-20.1,-20,733
124.2,124.3,-16.3,-16.2,734
148.9,149,-20.1,-20,735
124.3,124.4,-16.3,-16.2,736
152.9,153,-30.7,-30.6,737
124.4,124.5,-16.3,-16.2,738
153,153.1,-30.7,-30.6,739
124.5,124.6,-16.3,-16.2,740
124.6,124.7,-16.3,-16.2,741
143,143.1,-12.4,-12.3,742
143.1,143.2,-12.4,-12.3,743
143.2,143.3,-12.4,-12.3,744
151.1,151.2,-33.6,-33.5,745
151.2,151.3,-33.6,-33.5,746
151.3,151.4,-33.6,-33.5,747
141.5,141.6,-15.3,-15.2,748
141.6,141.7,-15.3,-15.2,749
141.7,141.8,-15.3,-15.2,750
150,150.1,-36.5,-36.4,751
130.2,130.3,-13.4,-13.3,752
130.3,130.4,-13.4,-13.3,753
138.3,138.4,-34.6,-34.5,754
138.4,138.5,-34.6,-34.5,755
150.7,150.8,-23,-22.9,756
145.3,145.4,-15.3,-15.2,757
135.8,135.9,-13.4,-13.3,758
135.9,136,-13.4,-13.3,759
136,136.1,-13.4,-13.3,760
136.1,136.2,-13.4,-13.3,761
145.9,146,-18.2,-18.1,762
146,146.1,-18.2,-18.1,763
146.1,146.2,-18.2,-18.1,764
152.9,153,-25.9,-25.8,765
146.2,146.3,-18.2,-18.1,766
153,153.1,-25.9,-25.8,767
134.2,134.3,-32.7,-32.6,768
142,142.1,-10.5,-10.4,769
122.1,122.2,-17.3,-17.2,770
122.2,122.3,-17.3,-17.2,771
137.4,137.5,-16.3,-16.2,772
137.5,137.6,-16.3,-16.2,773
137.6,137.7,-16.3,-16.2,774
137.7,137.8,-16.3,-16.2,775
125.5,125.6,-14.4,-14.3,776
125.6,125.7,-14.4,-14.3,777
125.7,125.8,-14.4,-14.3,778
125.9,126,-14.4,-14.3,779
126,126.1,-14.4,-14.3,780
123.3,123.4,-17.3,-17.2,781
123.4,123.5,-17.3,-17.2,782
123.5,123.6,-17.3,-17.2,783
123.6,123.7,-17.3,-17.2,784
123.7,123.8,-17.3,-17.2,785
141.6,141.7,-13.4,-13.3,786
123.8,123.9,-17.3,-17.2,787
141.7,141.8,-13.4,-13.3,788
123.9,124,-17.3,-17.2,789
141.8,141.9,-13.4,-13.3,790
152.7,152.8,-31.7,-31.6,791
152.8,152.9,-31.7,-31.6,792
148.9,149,-21.1,-21,793
137.8,137.9,-32.7,-32.6,794
149,149.1,-21.1,-21,795
149.1,149.2,-21.1,-21,796
130.1,130.2,-11.5,-11.4,797
149.2,149.3,-21.1,-21,798
130.2,130.3,-11.5,-11.4,799
130.3,130.4,-11.5,-11.4,800
130.4,130.5,-11.5,-11.4,801
127.7,127.8,-14.4,-14.3,802
130.5,130.6,-11.5,-11.4,803
127.8,127.9,-14.4,-14.3,804
130.6,130.7,-11.5,-11.4,805
130.7,130.8,-11.5,-11.4,806
130.8,130.9,-11.5,-11.4,807
130.9,131,-11.5,-11.4,808
131,131.1,-11.5,-11.4,809
131.1,131.2,-11.5,-11.4,810
143.5,143.6,-13.4,-13.3,811
131.2,131.3,-11.5,-11.4,812
131.4,131.5,-11.5,-11.4,813
114.6,114.7,-28.9,-28.8,814
131.5,131.6,-11.5,-11.4,815
141.3,141.4,-16.3,-16.2,816
131.9,132,-11.5,-11.4,817
132,132.1,-11.5,-11.4,818
129.3,129.4,-14.4,-14.3,819
132.1,132.2,-11.5,-11.4,820
129.4,129.5,-14.4,-14.3,821
132.2,132.3,-11.5,-11.4,822
132.3,132.4,-11.5,-11.4,823
132.4,132.5,-11.5,-11.4,824
132.5,132.6,-11.5,-11.4,825
132.6,132.7,-11.5,-11.4,826
132.8,132.9,-11.5,-11.4,827
132.9,133,-11.5,-11.4,828
133.4,133.5,-11.5,-11.4,829
151.1,151.2,-24,-23.9,830
151.2,151.3,-24,-23.9,831
151.3,151.4,-24,-23.9,832
151.4,151.5,-24,-23.9,833
151.6,151.7,-24,-23.9,834
145.3,145.4,-16.3,-16.2,835
145.4,145.5,-16.3,-16.2,836
136.4,136.5,-11.5,-11.4,837
136.5,136.6,-11.5,-11.4,838
135.5,135.6,-14.4,-14.3,839
135.6,135.7,-14.4,-14.3,840
135.7,135.8,-14.4,-14.3,841
115.8,115.9,-21.2,-21.1,842
115.9,116,-21.2,-21.1,843
153,153.1,-26.9,-26.8,844
153.1,153.2,-26.9,-26.8,845
146.5,146.6,-19.2,-19.1,846
146.6,146.7,-19.2,-19.1,847
146.7,146.8,-19.2,-19.1,848
146.8,146.9,-19.2,-19.1,849
147,147.1,-19.2,-19.1,850
144,144.1,-38.5,-38.4,851
124.1,124.2,-15.4,-15.3,852
142,142.1,-11.5,-11.4,853
124.2,124.3,-15.4,-15.3,854
142.1,142.2,-11.5,-11.4,855
124.3,124.4,-15.4,-15.3,856
124.4,124.5,-15.4,-15.3,857
124.5,124.6,-15.4,-15.3,858
124.6,124.7,-15.4,-15.3,859
124.7,124.8,-15.4,-15.3,860
153.2,153.3,-29.8,-29.7,861
124.8,124.9,-15.4,-15.3,862
122.1,122.2,-18.3,-18.2,863
124.9,125,-15.4,-15.3,864
122.2,122.3,-18.3,-18.2,865
125,125.1,-15.4,-15.3,866
145.1,145.2,-38.5,-38.4,867
125.1,125.2,-15.4,-15.3,868
145.2,145.3,-38.5,-38.4,869
145.3,145.4,-38.5,-38.4,870
145.4,145.5,-38.5,-38.4,871
151.9,152,-32.7,-32.6,872
136.9,137,-33.7,-33.6,873
152,152.1,-32.7,-32.6,874
152.1,152.2,-32.7,-32.6,875
141.5,141.6,-14.4,-14.3,876
137,137.1,-33.7,-33.6,877
152.2,152.3,-32.7,-32.6,878
137.2,137.3,-33.7,-33.6,879
139.1,139.2,-17.3,-17.2,880
139.2,139.3,-17.3,-17.2,881
137.7,137.8,-33.7,-33.6,882
137.8,137.9,-33.7,-33.6,883
137.9,138,-33.7,-33.6,884
130.4,130.5,-12.5,-12.4,885
130.5,130.6,-12.5,-12.4,886
149.5,149.6,-22.1,-22,887
130.6,130.7,-12.5,-12.4,888
127.9,128,-15.4,-15.3,889
130.7,130.8,-12.5,-12.4,890
128,128.1,-15.4,-15.3,891
130.8,130.9,-12.5,-12.4,892
149.8,149.9,-22.1,-22,893
130.9,131,-12.5,-12.4,894
128.1,128.2,-15.4,-15.3,895
131,131.1,-12.5,-12.4,896
128.2,128.3,-15.4,-15.3,897
128.3,128.4,-15.4,-15.3,898
140.9,141,-17.3,-17.2,899
141,141.1,-17.3,-17.2,900
131.6,131.7,-12.5,-12.4,901
131.7,131.8,-12.5,-12.4,902
144.1,144.2,-14.4,-14.3,903
144.2,144.3,-14.4,-14.3,904
144.3,144.4,-14.4,-14.3,905
144.4,144.5,-14.4,-14.3,906
132.1,132.2,-12.5,-12.4,907
144.5,144.6,-14.4,-14.3,908
132.2,132.3,-12.5,-12.4,909
144.6,144.7,-14.4,-14.3,910
132.3,132.4,-12.5,-12.4,911
132.4,132.5,-12.5,-12.4,912
135.3,135.4,-12.5,-12.4,913
135.5,135.6,-12.5,-12.4,914
135.6,135.7,-12.5,-12.4,915
135.8,135.9,-12.5,-12.4,916
135.9,136,-12.5,-12.4,917
136,136.1,-12.5,-12.4,918
136.1,136.2,-12.5,-12.4,919
152.4,152.5,-25,-24.9,920
136.2,136.3,-12.5,-12.4,921
136.3,136.4,-12.5,-12.4,922
145.9,146,-17.3,-17.2,923
146,146.1,-17.3,-17.2,924
136.7,136.8,-12.5,-12.4,925
136.8,136.9,-12.5,-12.4,926
153.2,153.3,-25,-24.9,927
114.4,114.5,-22.2,-22.1,928
114.5,114.6,-22.2,-22.1,929
135.4,135.5,-15.4,-15.3,930
135.9,136,-15.4,-15.3,931
136,136.1,-15.4,-15.3,932
136.1,136.2,-15.4,-15.3,933
136.2,136.3,-15.4,-15.3,934
153.2,153.3,-27.9,-27.8,935
113.6,113.7,-25.1,-25,936
153.3,153.4,-27.9,-27.8,937
113.7,113.8,-25.1,-25,938
153.4,153.5,-27.9,-27.8,939
122.9,123,-16.4,-16.3,940
123,123.1,-16.4,-16.3,941
123.1,123.2,-16.4,-16.3,942
123.2,123.3,-16.4,-16.3,943
123.3,123.4,-16.4,-16.3,944
123.4,123.5,-16.4,-16.3,945
123.5,123.6,-16.4,-16.3,946
123.6,123.7,-16.4,-16.3,947
148.3,148.4,-20.2,-20.1,948
123.7,123.8,-16.4,-16.3,949
141.6,141.7,-12.5,-12.4,950
148.4,148.5,-20.2,-20.1,951
123.8,123.9,-16.4,-16.3,952
141.7,141.8,-12.5,-12.4,953
148.5,148.6,-20.2,-20.1,954
123.9,124,-16.4,-16.3,955
141.8,141.9,-12.5,-12.4,956
148.6,148.7,-20.2,-20.1,957
124,124.1,-16.4,-16.3,958
141.9,142,-12.5,-12.4,959
124.1,124.2,-16.4,-16.3,960
148.8,148.9,-20.2,-20.1,961
124.2,124.3,-16.4,-16.3,962
148.9,149,-20.2,-20.1,963
124.3,124.4,-16.4,-16.3,964
152.9,153,-30.8,-30.7,965
124.4,124.5,-16.4,-16.3,966
153,153.1,-30.8,-30.7,967
124.5,124.6,-16.4,-16.3,968
124.6,124.7,-16.4,-16.3,969
124.7,124.8,-16.4,-16.3,970
124.8,124.9,-16.4,-16.3,971
124.9,125,-16.4,-16.3,972
143.2,143.3,-12.5,-12.4,973
151.1,151.2,-33.7,-33.6,974
151.3,151.4,-33.7,-33.6,975
141.5,141.6,-15.4,-15.3,976
141.6,141.7,-15.4,-15.3,977
141.7,141.8,-15.4,-15.3,978
129.8,129.9,-13.5,-13.4,979
150,150.1,-36.6,-36.5,980
129.9,130,-13.5,-13.4,981
130,130.1,-13.5,-13.4,982
130.1,130.2,-13.5,-13.4,983
130.2,130.3,-13.5,-13.4,984
130.3,130.4,-13.5,-13.4,985
130.4,130.5,-13.5,-13.4,986
138.3,138.4,-34.7,-34.6,987
138.4,138.5,-34.7,-34.6,988
150.7,150.8,-23.1,-23,989
135.8,135.9,-13.5,-13.4,990
135.9,136,-13.5,-13.4,991
136,136.1,-13.5,-13.4,992
136.1,136.2,-13.5,-13.4,993
136.2,136.3,-13.5,-13.4,994
145.9,146,-18.3,-18.2,995
146,146.1,-18.3,-18.2,996
146.1,146.2,-18.3,-18.2,997
152.9,153,-26,-25.9,998
146.2,146.3,-18.3,-18.2,999
153,153.1,-26,-25.9,1000
134,134.1,-32.8,-32.7,1001
134.1,134.2,-32.8,-32.7,1002
134.2,134.3,-32.8,-32.7,1003
142.1,142.2,-10.6,-10.5,1004
118.6,118.7,-20.3,-20.2,1005
142.2,142.3,-10.6,-10.5,1006
118.7,118.8,-20.3,-20.2,1007
142.3,142.4,-10.6,-10.5,1008
118.8,118.9,-20.3,-20.2,1009
118.9,119,-20.3,-20.2,1010
142.6,142.7,-10.6,-10.5,1011
153.4,153.5,-28.9,-28.8,1012
122.1,122.2,-17.4,-17.3,1013
153.5,153.6,-28.9,-28.8,1014
125.2,125.3,-14.5,-14.4,1015
125.3,125.4,-14.5,-14.4,1016
137.7,137.8,-16.4,-16.3,1017
125.5,125.6,-14.5,-14.4,1018
137.8,137.9,-16.4,-16.3,1019
125.6,125.7,-14.5,-14.4,1020
125.7,125.8,-14.5,-14.4,1021
125.8,125.9,-14.5,-14.4,1022
125.9,126,-14.5,-14.4,1023
126,126.1,-14.5,-14.4,1024
123.3,123.4,-17.4,-17.3,1025
123.4,123.5,-17.4,-17.3,1026
123.5,123.6,-17.4,-17.3,1027
123.6,123.7,-17.4,-17.3,1028
141.5,141.6,-13.5,-13.4,1029
141.6,141.7,-13.5,-13.4,1030
141.7,141.8,-13.5,-13.4,1031
141.8,141.9,-13.5,-13.4,1032
137.7,137.8,-32.8,-32.7,1033
137.8,137.9,-32.8,-32.7,1034
139.5,139.6,-16.4,-16.3,1035
137.9,138,-32.8,-32.7,1036
149.1,149.2,-21.2,-21.1,1037
130.1,130.2,-11.6,-11.5,1038
149.2,149.3,-21.2,-21.1,1039
130.2,130.3,-11.6,-11.5,1040
130.3,130.4,-11.6,-11.5,1041
130.4,130.5,-11.6,-11.5,1042
127.7,127.8,-14.5,-14.4,1043
130.5,130.6,-11.6,-11.5,1044
127.8,127.9,-14.5,-14.4,1045
130.6,130.7,-11.6,-11.5,1046
150.8,150.9,-34.7,-34.6,1047
130.7,130.8,-11.6,-11.5,1048
130.8,130.9,-11.6,-11.5,1049
130.9,131,-11.6,-11.5,1050
131,131.1,-11.6,-11.5,1051
131.1,131.2,-11.6,-11.5,1052
143.5,143.6,-13.5,-13.4,1053
131.2,131.3,-11.6,-11.5,1054
143.6,143.7,-13.5,-13.4,1055
131.3,131.4,-11.6,-11.5,1056
131.4,131.5,-11.6,-11.5,1057
141.2,141.3,-16.4,-16.3,1058
141.3,141.4,-16.4,-16.3,1059
141.4,141.5,-16.4,-16.3,1060
132,132.1,-11.6,-11.5,1061
129.3,129.4,-14.5,-14.4,1062
132.1,132.2,-11.6,-11.5,1063
129.4,129.5,-14.5,-14.4,1064
132.2,132.3,-11.6,-11.5,1065
129.5,129.6,-14.5,-14.4,1066
132.3,132.4,-11.6,-11.5,1067
129.6,129.7,-14.5,-14.4,1068
132.4,132.5,-11.6,-11.5,1069
129.7,129.8,-14.5,-14.4,1070
132.5,132.6,-11.6,-11.5,1071
132.6,132.7,-11.6,-11.5,1072
132.7,132.8,-11.6,-11.5,1073
133.4,133.5,-11.6,-11.5,1074
151.3,151.4,-24.1,-24,1075
151.4,151.5,-24.1,-24,1076
151.5,151.6,-24.1,-24,1077
151.6,151.7,-24.1,-24,1078
151.7,151.8,-24.1,-24,1079
145.3,145.4,-16.4,-16.3,1080
145.4,145.5,-16.4,-16.3,1081
145.5,145.6,-16.4,-16.3,1082
136,136.1,-11.6,-11.5,1083
136.1,136.2,-11.6,-11.5,1084
136.2,136.3,-11.6,-11.5,1085
136.3,136.4,-11.6,-11.5,1086
136.4,136.5,-11.6,-11.5,1087
135.5,135.6,-14.5,-14.4,1088
135.6,135.7,-14.5,-14.4,1089
115.6,115.7,-21.3,-21.2,1090
115.7,115.8,-21.3,-21.2,1091
115.8,115.9,-21.3,-21.2,1092
153,153.1,-27,-26.9,1093
153.1,153.2,-27,-26.9,1094
146.6,146.7,-19.3,-19.2,1095
146.7,146.8,-19.3,-19.2,1096
146.8,146.9,-19.3,-19.2,1097
146.9,147,-19.3,-19.2,1098
147,147.1,-19.3,-19.2,1099
143.9,144,-38.6,-38.5,1100
144,144.1,-38.6,-38.5,1101
142,142.1,-11.6,-11.5,1102
142.1,142.2,-11.6,-11.5,1103
124.3,124.4,-15.5,-15.4,1104
124.4,124.5,-15.5,-15.4,1105
124.5,124.6,-15.5,-15.4,1106
124.6,124.7,-15.5,-15.4,1107
153.2,153.3,-29.9,-29.8,1108
124.9,125,-15.5,-15.4,1109
125,125.1,-15.5,-15.4,1110
142.9,143,-11.6,-11.5,1111
125.1,125.2,-15.5,-15.4,1112
145.2,145.3,-38.6,-38.5,1113
125.2,125.3,-15.5,-15.4,1114
145.3,145.4,-38.6,-38.5,1115
145.4,145.5,-38.6,-38.5,1116
151.6,151.7,-32.8,-32.7,1117
136.8,136.9,-33.8,-33.7,1118
151.9,152,-32.8,-32.7,1119
136.9,137,-33.8,-33.7,1120
152,152.1,-32.8,-32.7,1121
137,137.1,-33.8,-33.7,1122
152.1,152.2,-32.8,-32.7,1123
141.5,141.6,-14.5,-14.4,1124
152.2,152.3,-32.8,-32.7,1125
139.2,139.3,-17.4,-17.3,1126
139.3,139.4,-17.4,-17.3,1127
139.4,139.5,-17.4,-17.3,1128
150.1,150.2,-35.7,-35.6,1129
150.2,150.3,-35.7,-35.6,1130
130.3,130.4,-12.6,-12.5,1131
130.4,130.5,-12.6,-12.5,1132
130.5,130.6,-12.6,-12.5,1133
149.5,149.6,-22.2,-22.1,1134
130.6,130.7,-12.6,-12.5,1135
130.7,130.8,-12.6,-12.5,1136
130.8,130.9,-12.6,-12.5,1137
128,128.1,-15.5,-15.4,1138
149.8,149.9,-22.2,-22.1,1139
130.9,131,-12.6,-12.5,1140
128.1,128.2,-15.5,-15.4,1141
149.9,150,-22.2,-22.1,1142
131,131.1,-12.6,-12.5,1143
128.2,128.3,-15.5,-15.4,1144
150,150.1,-22.2,-22.1,1145
128.3,128.4,-15.5,-15.4,1146
140.8,140.9,-17.4,-17.3,1147
140.9,141,-17.4,-17.3,1148
143.8,143.9,-14.5,-14.4,1149
143.9,144,-14.5,-14.4,1150
144,144.1,-14.5,-14.4,1151
144.1,144.2,-14.5,-14.4,1152
144.2,144.3,-14.5,-14.4,1153
132.2,132.3,-12.6,-12.5,1154
144.6,144.7,-14.5,-14.4,1155
132.4,132.5,-12.6,-12.5,1156
144.8,144.9,-14.5,-14.4,1157
144.9,145,-14.5,-14.4,1158
135.9,136,-12.6,-12.5,1159
136,136.1,-12.6,-12.5,1160
136.1,136.2,-12.6,-12.5,1161
136.2,136.3,-12.6,-12.5,1162
152.5,152.6,-25.1,-25,1163
146,146.1,-17.4,-17.3,1164
136.6,136.7,-12.6,-12.5,1165
136.7,136.8,-12.6,-12.5,1166
136.8,136.9,-12.6,-12.5,1167
114.1,114.2,-22.3,-22.2,1168
114.4,114.5,-22.3,-22.2,1169
114.5,114.6,-22.3,-22.2,1170
136.1,136.2,-15.5,-15.4,1171
136.2,136.3,-15.5,-15.4,1172
153.3,153.4,-28,-27.9,1173
113.7,113.8,-25.2,-25.1,1174
153.4,153.5,-28,-27.9,1175
113.8,113.9,-25.2,-25.1,1176
122.8,122.9,-16.5,-16.4,1177
122.9,123,-16.5,-16.4,1178
123,123.1,-16.5,-16.4,1179
123.1,123.2,-16.5,-16.4,1180
123.2,123.3,-16.5,-16.4,1181
123.3,123.4,-16.5,-16.4,1182
123.4,123.5,-16.5,-16.4,1183
123.5,123.6,-16.5,-16.4,1184
123.6,123.7,-16.5,-16.4,1185
123.7,123.8,-16.5,-16.4,1186
141.6,141.7,-12.6,-12.5,1187
148.4,148.5,-20.3,-20.2,1188
123.8,123.9,-16.5,-16.4,1189
141.7,141.8,-12.6,-12.5,1190
148.5,148.6,-20.3,-20.2,1191
123.9,124,-16.5,-16.4,1192
141.8,141.9,-12.6,-12.5,1193
148.6,148.7,-20.3,-20.2,1194
141.9,142,-12.6,-12.5,1195
124,124.1,-16.5,-16.4,1196
148.7,148.8,-20.3,-20.2,1197
142,142.1,-12.6,-12.5,1198
124.1,124.2,-16.5,-16.4,1199
148.8,148.9,-20.3,-20.2,1200
142.1,142.2,-12.6,-12.5,1201
124.2,124.3,-16.5,-16.4,1202
148.9,149,-20.3,-20.2,1203
124.3,124.4,-16.5,-16.4,1204
152.9,153,-30.9,-30.8,1205
149,149.1,-20.3,-20.2,1206
124.4,124.5,-16.5,-16.4,1207
153,153.1,-30.9,-30.8,1208
124.5,124.6,-16.5,-16.4,1209
124.6,124.7,-16.5,-16.4,1210
124.7,124.8,-16.5,-16.4,1211
124.8,124.9,-16.5,-16.4,1212
124.9,125,-16.5,-16.4,1213
143.2,143.3,-12.6,-12.5,1214
143.3,143.4,-12.6,-12.5,1215
151.2,151.3,-33.8,-33.7,1216
143.4,143.5,-12.6,-12.5,1217
141.4,141.5,-15.5,-15.4,1218
141.5,141.6,-15.5,-15.4,1219
141.6,141.7,-15.5,-15.4,1220
149.9,150,-36.7,-36.6,1221
129.8,129.9,-13.6,-13.5,1222
150,150.1,-36.7,-36.6,1223
129.9,130,-13.6,-13.5,1224
130,130.1,-13.6,-13.5,1225
130.3,130.4,-13.6,-13.5,1226
130.4,130.5,-13.6,-13.5,1227
138.4,138.5,-34.8,-34.7,1228
138.5,138.6,-34.8,-34.7,1229
150.7,150.8,-23.2,-23.1,1230
150.9,151,-23.2,-23.1,1231
145.1,145.2,-15.5,-15.4,1232
145.2,145.3,-15.5,-15.4,1233
135.7,135.8,-13.6,-13.5,1234
135.8,135.9,-13.6,-13.5,1235
136.1,136.2,-13.6,-13.5,1236
136.2,136.3,-13.6,-13.5,1237
146,146.1,-18.4,-18.3,1238
146.1,146.2,-18.4,-18.3,1239
146.2,146.3,-18.4,-18.3,1240
146.3,146.4,-18.4,-18.3,1241
116.8,116.9,-20.4,-20.3,1242
118,118.1,-20.4,-20.3,1243
118.1,118.2,-20.4,-20.3,1244
118.2,118.3,-20.4,-20.3,1245
118.3,118.4,-20.4,-20.3,1246
118.4,118.5,-20.4,-20.3,1247
118.5,118.6,-20.4,-20.3,1248
142.1,142.2,-10.7,-10.6,1249
118.6,118.7,-20.4,-20.3,1250
142.2,142.3,-10.7,-10.6,1251
118.7,118.8,-20.4,-20.3,1252
142.3,142.4,-10.7,-10.6,1253
113.2,113.3,-26.2,-26.1,1254
142.5,142.6,-10.7,-10.6,1255
142.6,142.7,-10.7,-10.6,1256
142.7,142.8,-10.7,-10.6,1257
124.9,125,-14.6,-14.5,1258
153.4,153.5,-29,-28.9,1259
153.5,153.6,-29,-28.9,1260
125,125.1,-14.6,-14.5,1261
125.1,125.2,-14.6,-14.5,1262
125.2,125.3,-14.6,-14.5,1263
125.3,125.4,-14.6,-14.5,1264
125.4,125.5,-14.6,-14.5,1265
125.5,125.6,-14.6,-14.5,1266
137.8,137.9,-16.5,-16.4,1267
125.6,125.7,-14.6,-14.5,1268
125.7,125.8,-14.6,-14.5,1269
125.8,125.9,-14.6,-14.5,1270
125.9,126,-14.6,-14.5,1271
126,126.1,-14.6,-14.5,1272
123.4,123.5,-17.5,-17.4,1273
123.5,123.6,-17.5,-17.4,1274
123.6,123.7,-17.5,-17.4,1275
141.5,141.6,-13.6,-13.5,1276
141.6,141.7,-13.6,-13.5,1277
141.7,141.8,-13.6,-13.5,1278
152.5,152.6,-31.9,-31.8,1279
139.2,139.3,-16.5,-16.4,1280
152.6,152.7,-31.9,-31.8,1281
139.3,139.4,-16.5,-16.4,1282
139.4,139.5,-16.5,-16.4,1283
139.5,139.6,-16.5,-16.4,1284
130,130.1,-11.7,-11.6,1285
149.1,149.2,-21.3,-21.2,1286
139.6,139.7,-16.5,-16.4,1287
130.1,130.2,-11.7,-11.6,1288
149.2,149.3,-21.3,-21.2,1289
139.7,139.8,-16.5,-16.4,1290
130.2,130.3,-11.7,-11.6,1291
149.3,149.4,-21.3,-21.2,1292
130.3,130.4,-11.7,-11.6,1293
130.4,130.5,-11.7,-11.6,1294
130.5,130.6,-11.7,-11.6,1295
130.6,130.7,-11.7,-11.6,1296
127.9,128,-14.6,-14.5,1297
128,128.1,-14.6,-14.5,1298
130.8,130.9,-11.7,-11.6,1299
143.5,143.6,-13.6,-13.5,1300
131.3,131.4,-11.7,-11.6,1301
131.4,131.5,-11.7,-11.6,1302
141.2,141.3,-16.5,-16.4,1303
141.3,141.4,-16.5,-16.4,1304
141.4,141.5,-16.5,-16.4,1305
132.1,132.2,-11.7,-11.6,1306
129.4,129.5,-14.6,-14.5,1307
129.5,129.6,-14.6,-14.5,1308
132.3,132.4,-11.7,-11.6,1309
129.6,129.7,-14.6,-14.5,1310
132.4,132.5,-11.7,-11.6,1311
129.7,129.8,-14.6,-14.5,1312
132.5,132.6,-11.7,-11.6,1313
129.8,129.9,-14.6,-14.5,1314
132.6,132.7,-11.7,-11.6,1315
132.7,132.8,-11.7,-11.6,1316
133.3,133.4,-11.7,-11.6,1317
133.4,133.5,-11.7,-11.6,1318
151.4,151.5,-24.2,-24.1,1319
151.5,151.6,-24.2,-24.1,1320
151.6,151.7,-24.2,-24.1,1321
151.7,151.8,-24.2,-24.1,1322
151.8,151.9,-24.2,-24.1,1323
145.3,145.4,-16.5,-16.4,1324
145.4,145.5,-16.5,-16.4,1325
135.9,136,-11.7,-11.6,1326
136,136.1,-11.7,-11.6,1327
136.1,136.2,-11.7,-11.6,1328
136.2,136.3,-11.7,-11.6,1329
135.2,135.3,-14.6,-14.5,1330
135.3,135.4,-14.6,-14.5,1331
135.5,135.6,-14.6,-14.5,1332
135.6,135.7,-14.6,-14.5,1333
115.5,115.6,-21.4,-21.3,1334
115.6,115.7,-21.4,-21.3,1335
153,153.1,-27.1,-27,1336
153.1,153.2,-27.1,-27,1337
146.8,146.9,-19.4,-19.3,1338
146.9,147,-19.4,-19.3,1339
147,147.1,-19.4,-19.3,1340
147.1,147.2,-19.4,-19.3,1341
147.4,147.5,-19.4,-19.3,1342
142,142.1,-11.7,-11.6,1343
142.1,142.2,-11.7,-11.6,1344
124.3,124.4,-15.6,-15.5,1345
124.4,124.5,-15.6,-15.5,1346
121.7,121.8,-18.5,-18.4,1347
124.5,124.6,-15.6,-15.5,1348
121.8,121.9,-18.5,-18.4,1349
124.6,124.7,-15.6,-15.5,1350
124.9,125,-15.6,-15.5,1351
142.8,142.9,-11.7,-11.6,1352
125,125.1,-15.6,-15.5,1353
125.1,125.2,-15.6,-15.5,1354
125.2,125.3,-15.6,-15.5,1355
145.6,145.7,-38.7,-38.6,1356
145.7,145.8,-38.7,-38.6,1357
145.8,145.9,-38.7,-38.6,1358
151.6,151.7,-32.9,-32.8,1359
151.7,151.8,-32.9,-32.8,1360
146.2,146.3,-38.7,-38.6,1361
151.8,151.9,-32.9,-32.8,1362
146.3,146.4,-38.7,-38.6,1363
146.4,146.5,-38.7,-38.6,1364
146.5,146.6,-38.7,-38.6,1365
141.5,141.6,-14.6,-14.5,1366
146.6,146.7,-38.7,-38.6,1367
146.7,146.8,-38.7,-38.6,1368
146.8,146.9,-38.7,-38.6,1369
146.9,147,-38.7,-38.6,1370
139.3,139.4,-17.5,-17.4,1371
139.4,139.5,-17.5,-17.4,1372
150.1,150.2,-35.8,-35.7,1373
139.5,139.6,-17.5,-17.4,1374
150.2,150.3,-35.8,-35.7,1375
139.6,139.7,-17.5,-17.4,1376
130.3,130.4,-12.7,-12.6,1377
130.4,130.5,-12.7,-12.6,1378
130.5,130.6,-12.7,-12.6,1379
149.5,149.6,-22.3,-22.2,1380
127.8,127.9,-15.6,-15.5,1381
130.6,130.7,-12.7,-12.6,1382
149.6,149.7,-22.3,-22.2,1383
127.9,128,-15.6,-15.5,1384
130.7,130.8,-12.7,-12.6,1385
128,128.1,-15.6,-15.5,1386
130.8,130.9,-12.7,-12.6,1387
149.8,149.9,-22.3,-22.2,1388
130.9,131,-12.7,-12.6,1389
128.1,128.2,-15.6,-15.5,1390
149.9,150,-22.3,-22.2,1391
128.2,128.3,-15.6,-15.5,1392
150,150.1,-22.3,-22.2,1393
128.3,128.4,-15.6,-15.5,1394
150.1,150.2,-22.3,-22.2,1395
140.7,140.8,-17.5,-17.4,1396
140.8,140.9,-17.5,-17.4,1397
140.9,141,-17.5,-17.4,1398
150.4,150.5,-22.3,-22.2,1399
143.8,143.9,-14.6,-14.5,1400
141,141.1,-17.5,-17.4,1401
150.5,150.6,-22.3,-22.2,1402
143.9,144,-14.6,-14.5,1403
144,144.1,-14.6,-14.5,1404
144.1,144.2,-14.6,-14.5,1405
144.6,144.7,-14.6,-14.5,1406
144.7,144.8,-14.6,-14.5,1407
132.4,132.5,-12.7,-12.6,1408
144.8,144.9,-14.6,-14.5,1409
132.5,132.6,-12.7,-12.6,1410
144.9,145,-14.6,-14.5,1411
145,145.1,-14.6,-14.5,1412
136.1,136.2,-12.7,-12.6,1413
136.2,136.3,-12.7,-12.6,1414
152.5,152.6,-25.2,-25.1,1415
152.6,152.7,-25.2,-25.1,1416
146,146.1,-17.5,-17.4,1417
136.5,136.6,-12.7,-12.6,1418
136.6,136.7,-12.7,-12.6,1419
153,153.1,-25.2,-25.1,1420
114.1,114.2,-22.4,-22.3,1421
114.3,114.4,-22.4,-22.3,1422
114.4,114.5,-22.4,-22.3,1423
136.2,136.3,-15.6,-15.5,1424
136.3,136.4,-15.6,-15.5,1425
136.5,136.6,-15.6,-15.5,1426
136.6,136.7,-15.6,-15.5,1427
136.7,136.8,-15.6,-15.5,1428
136.8,136.9,-15.6,-15.5,1429
136.9,137,-15.6,-15.5,1430
113.8,113.9,-25.3,-25.2,1431
122.7,122.8,-16.6,-16.5,1432
122.8,122.9,-16.6,-16.5,1433
122.9,123,-16.6,-16.5,1434
123,123.1,-16.6,-16.5,1435
123.3,123.4,-16.6,-16.5,1436
123.4,123.5,-16.6,-16.5,1437
123.5,123.6,-16.6,-16.5,1438
123.6,123.7,-16.6,-16.5,1439
141.8,141.9,-12.7,-12.6,1440
148.6,148.7,-20.4,-20.3,1441
141.9,142,-12.7,-12.6,1442
148.7,148.8,-20.4,-20.3,1443
142,142.1,-12.7,-12.6,1444
148.8,148.9,-20.4,-20.3,1445
148.9,149,-20.4,-20.3,1446
124.3,124.4,-16.6,-16.5,1447
152.9,153,-31,-30.9,1448
149,149.1,-20.4,-20.3,1449
124.4,124.5,-16.6,-16.5,1450
153,153.1,-31,-30.9,1451
124.5,124.6,-16.6,-16.5,1452
151,151.1,-33.9,-33.8,1453
151.1,151.2,-33.9,-33.8,1454
143.3,143.4,-12.7,-12.6,1455
143.4,143.5,-12.7,-12.6,1456
141.4,141.5,-15.6,-15.5,1457
141.5,141.6,-15.6,-15.5,1458
141.6,141.7,-15.6,-15.5,1459
149.9,150,-36.8,-36.7,1460
138.5,138.6,-34.9,-34.8,1461
150.7,150.8,-23.3,-23.2,1462
150.8,150.9,-23.3,-23.2,1463
145.1,145.2,-15.6,-15.5,1464
145.2,145.3,-15.6,-15.5,1465
145.3,145.4,-15.6,-15.5,1466
135.7,135.8,-13.7,-13.6,1467
135.8,135.9,-13.7,-13.6,1468
135.9,136,-13.7,-13.6,1469
136,136.1,-13.7,-13.6,1470
136.1,136.2,-13.7,-13.6,1471
136.2,136.3,-13.7,-13.6,1472
136.5,136.6,-13.7,-13.6,1473
136.6,136.7,-13.7,-13.6,1474
146.1,146.2,-18.5,-18.4,1475
136.7,136.8,-13.7,-13.6,1476
146.2,146.3,-18.5,-18.4,1477
146.3,146.4,-18.5,-18.4,1478
116.8,116.9,-20.5,-20.4,1479
117.9,118,-20.5,-20.4,1480
118.1,118.2,-20.5,-20.4,1481
142.1,142.2,-10.8,-10.7,1482
142.2,142.3,-10.8,-10.7,1483
142.3,142.4,-10.8,-10.7,1484
113.2,113.3,-26.3,-26.2,1485
142.4,142.5,-10.8,-10.7,1486
142.5,142.6,-10.8,-10.7,1487
142.6,142.7,-10.8,-10.7,1488
153.3,153.4,-29.1,-29,1489
153.4,153.5,-29.1,-29,1490
125,125.1,-14.7,-14.6,1491
125.1,125.2,-14.7,-14.6,1492
125.2,125.3,-14.7,-14.6,1493
125.3,125.4,-14.7,-14.6,1494
125.4,125.5,-14.7,-14.6,1495
125.6,125.7,-14.7,-14.6,1496
125.8,125.9,-14.7,-14.6,1497
125.9,126,-14.7,-14.6,1498
123.5,123.6,-17.6,-17.5,1499
123.6,123.7,-17.6,-17.5,1500
141.5,141.6,-13.7,-13.6,1501
141.6,141.7,-13.7,-13.6,1502
152.5,152.6,-32,-31.9,1503
137.5,137.6,-33,-32.9,1504
152.6,152.7,-32,-31.9,1505
139.2,139.3,-16.6,-16.5,1506
137.6,137.7,-33,-32.9,1507
139.3,139.4,-16.6,-16.5,1508
139.4,139.5,-16.6,-16.5,1509
139.5,139.6,-16.6,-16.5,1510
130,130.1,-11.8,-11.7,1511
137.9,138,-33,-32.9,1512
149.1,149.2,-21.4,-21.3,1513
139.6,139.7,-16.6,-16.5,1514
130.1,130.2,-11.8,-11.7,1515
149.2,149.3,-21.4,-21.3,1516
139.7,139.8,-16.6,-16.5,1517
130.2,130.3,-11.8,-11.7,1518
149.3,149.4,-21.4,-21.3,1519
130.3,130.4,-11.8,-11.7,1520
130.4,130.5,-11.8,-11.7,1521
150.6,150.7,-34.9,-34.8,1522
130.5,130.6,-11.8,-11.7,1523
150.7,150.8,-34.9,-34.8,1524
130.6,130.7,-11.8,-11.7,1525
127.9,128,-14.7,-14.6,1526
130.7,130.8,-11.8,-11.7,1527
128,128.1,-14.7,-14.6,1528
128.1,128.2,-14.7,-14.6,1529
131,131.1,-11.8,-11.7,1530
131.1,131.2,-11.8,-11.7,1531
143.5,143.6,-13.7,-13.6,1532
131.2,131.3,-11.8,-11.7,1533
143.6,143.7,-13.7,-13.6,1534
131.3,131.4,-11.8,-11.7,1535
141.2,141.3,-16.6,-16.5,1536
129.5,129.6,-14.7,-14.6,1537
129.6,129.7,-14.7,-14.6,1538
129.7,129.8,-14.7,-14.6,1539
132.5,132.6,-11.8,-11.7,1540
129.8,129.9,-14.7,-14.6,1541
132.6,132.7,-11.8,-11.7,1542
132.7,132.8,-11.8,-11.7,1543
133.1,133.2,-11.8,-11.7,1544
133.2,133.3,-11.8,-11.7,1545
133.3,133.4,-11.8,-11.7,1546
133.4,133.5,-11.8,-11.7,1547
133.5,133.6,-11.8,-11.7,1548
133.6,133.7,-11.8,-11.7,1549
133.7,133.8,-11.8,-11.7,1550
133.8,133.9,-11.8,-11.7,1551
133.9,134,-11.8,-11.7,1552
139.4,139.5,-35.9,-35.8,1553
151.8,151.9,-24.3,-24.2,1554
135.8,135.9,-11.8,-11.7,1555
145.4,145.5,-16.6,-16.5,1556
135.9,136,-11.8,-11.7,1557
136,136.1,-11.8,-11.7,1558
136.1,136.2,-11.8,-11.7,1559
136.5,136.6,-11.8,-11.7,1560
136.6,136.7,-11.8,-11.7,1561
135.2,135.3,-14.7,-14.6,1562
135.3,135.4,-14.7,-14.6,1563
135.4,135.5,-14.7,-14.6,1564
135.5,135.6,-14.7,-14.6,1565
115.3,115.4,-21.5,-21.4,1566
115.4,115.5,-21.5,-21.4,1567
115.5,115.6,-21.5,-21.4,1568
153,153.1,-27.2,-27.1,1569
153.1,153.2,-27.2,-27.1,1570
147,147.1,-19.5,-19.4,1571
147.1,147.2,-19.5,-19.4,1572
147.2,147.3,-19.5,-19.4,1573
147.3,147.4,-19.5,-19.4,1574
147.4,147.5,-19.5,-19.4,1575
147.5,147.6,-19.5,-19.4,1576
141.9,142,-11.8,-11.7,1577
142,142.1,-11.8,-11.7,1578
142.1,142.2,-11.8,-11.7,1579
124.3,124.4,-15.7,-15.6,1580
124.4,124.5,-15.7,-15.6,1581
121.7,121.8,-18.6,-18.5,1582
121.8,121.9,-18.6,-18.5,1583
124.6,124.7,-15.7,-15.6,1584
124.7,124.8,-15.7,-15.6,1585
124.8,124.9,-15.7,-15.6,1586
142.8,142.9,-11.8,-11.7,1587
143,143.1,-11.8,-11.7,1588
125.2,125.3,-15.7,-15.6,1589
125.3,125.4,-15.7,-15.6,1590
125.4,125.5,-15.7,-15.6,1591
136.5,136.6,-34,-33.9,1592
146.1,146.2,-38.8,-38.7,1593
146.2,146.3,-38.8,-38.7,1594
146.3,146.4,-38.8,-38.7,1595
146.4,146.5,-38.8,-38.7,1596
146.5,146.6,-38.8,-38.7,1597
141.5,141.6,-14.7,-14.6,1598
146.6,146.7,-38.8,-38.7,1599
141.6,141.7,-14.7,-14.6,1600
146.7,146.8,-38.8,-38.7,1601
137.5,137.6,-34,-33.9,1602
139.4,139.5,-17.6,-17.5,1603
150.1,150.2,-35.9,-35.8,1604
139.5,139.6,-17.6,-17.5,1605
150.2,150.3,-35.9,-35.8,1606
139.6,139.7,-17.6,-17.5,1607
139.7,139.8,-17.6,-17.5,1608
139.8,139.9,-17.6,-17.5,1609
130.3,130.4,-12.8,-12.7,1610
130.4,130.5,-12.8,-12.7,1611
130.5,130.6,-12.8,-12.7,1612
149.5,149.6,-22.4,-22.3,1613
127.8,127.9,-15.7,-15.6,1614
130.6,130.7,-12.8,-12.7,1615
149.6,149.7,-22.4,-22.3,1616
130.7,130.8,-12.8,-12.7,1617
149.7,149.8,-22.4,-22.3,1618
130.8,130.9,-12.8,-12.7,1619
128,128.1,-15.7,-15.6,1620
149.8,149.9,-22.4,-22.3,1621
130.9,131,-12.8,-12.7,1622
128.1,128.2,-15.7,-15.6,1623
149.9,150,-22.4,-22.3,1624
140.5,140.6,-17.6,-17.5,1625
131,131.1,-12.8,-12.7,1626
150,150.1,-22.4,-22.3,1627
140.6,140.7,-17.6,-17.5,1628
150.1,150.2,-22.4,-22.3,1629
140.7,140.8,-17.6,-17.5,1630
150.2,150.3,-22.4,-22.3,1631
140.8,140.9,-17.6,-17.5,1632
140.9,141,-17.6,-17.5,1633
150.4,150.5,-22.4,-22.3,1634
141,141.1,-17.6,-17.5,1635
150.5,150.6,-22.4,-22.3,1636
143.9,144,-14.7,-14.6,1637
150.6,150.7,-22.4,-22.3,1638
144,144.1,-14.7,-14.6,1639
144.7,144.8,-14.7,-14.6,1640
144.8,144.9,-14.7,-14.6,1641
132.5,132.6,-12.8,-12.7,1642
144.9,145,-14.7,-14.6,1643
152.5,152.6,-25.3,-25.2,1644
152.6,152.7,-25.3,-25.2,1645
136.4,136.5,-12.8,-12.7,1646
152.7,152.8,-25.3,-25.2,1647
146,146.1,-17.6,-17.5,1648
136.5,136.6,-12.8,-12.7,1649
152.8,152.9,-25.3,-25.2,1650
146.1,146.2,-17.6,-17.5,1651
136.6,136.7,-12.8,-12.7,1652
152.9,153,-25.3,-25.2,1653
153,153.1,-25.3,-25.2,1654
114.1,114.2,-22.5,-22.4,1655
114.2,114.3,-22.5,-22.4,1656
114.3,114.4,-22.5,-22.4,1657
133.4,133.5,-32.1,-32,1658
114.4,114.5,-22.5,-22.4,1659
133.5,133.6,-32.1,-32,1660
133.6,133.7,-32.1,-32,1661
136.3,136.4,-15.7,-15.6,1662
136.4,136.5,-15.7,-15.6,1663
136.5,136.6,-15.7,-15.6,1664
136.6,136.7,-15.7,-15.6,1665
136.7,136.8,-15.7,-15.6,1666
136.8,136.9,-15.7,-15.6,1667
136.9,137,-15.7,-15.6,1668
137,137.1,-15.7,-15.6,1669
153.4,153.5,-28.2,-28.1,1670
153.5,153.6,-28.2,-28.1,1671
113.8,113.9,-25.4,-25.3,1672
122.7,122.8,-16.7,-16.6,1673
122.9,123,-16.7,-16.6,1674
123,123.1,-16.7,-16.6,1675
123.1,123.2,-16.7,-16.6,1676
123.3,123.4,-16.7,-16.6,1677
123.4,123.5,-16.7,-16.6,1678
123.5,123.6,-16.7,-16.6,1679
123.6,123.7,-16.7,-16.6,1680
141.7,141.8,-12.8,-12.7,1681
148.5,148.6,-20.5,-20.4,1682
126.7,126.8,-13.8,-13.7,1683
141.8,141.9,-12.8,-12.7,1684
148.6,148.7,-20.5,-20.4,1685
126.8,126.9,-13.8,-13.7,1686
141.9,142,-12.8,-12.7,1687
148.7,148.8,-20.5,-20.4,1688
126.9,127,-13.8,-13.7,1689
142,142.1,-12.8,-12.7,1690
148.8,148.9,-20.5,-20.4,1691
142.1,142.2,-12.8,-12.7,1692
127,127.1,-13.8,-13.7,1693
148.9,149,-20.5,-20.4,1694
124.3,124.4,-16.7,-16.6,1695
149,149.1,-20.5,-20.4,1696
150.9,151,-34,-33.9,1697
151,151.1,-34,-33.9,1698
151.1,151.2,-34,-33.9,1699
143.3,143.4,-12.8,-12.7,1700
143.4,143.5,-12.8,-12.7,1701
114.3,114.4,-28.3,-28.2,1702
141.4,141.5,-15.7,-15.6,1703
141.5,141.6,-15.7,-15.6,1704
129.7,129.8,-13.8,-13.7,1705
129.8,129.9,-13.8,-13.7,1706
150.7,150.8,-23.4,-23.3,1707
145.3,145.4,-15.7,-15.6,1708
135.8,135.9,-13.8,-13.7,1709
135.9,136,-13.8,-13.7,1710
136,136.1,-13.8,-13.7,1711
136.1,136.2,-13.8,-13.7,1712
136.2,136.3,-13.8,-13.7,1713
136.3,136.4,-13.8,-13.7,1714
136.4,136.5,-13.8,-13.7,1715
136.5,136.6,-13.8,-13.7,1716
136.6,136.7,-13.8,-13.7,1717
146.1,146.2,-18.6,-18.5,1718
152.9,153,-26.3,-26.2,1719
136.7,136.8,-13.8,-13.7,1720
146.2,146.3,-18.6,-18.5,1721
136.8,136.9,-13.8,-13.7,1722
146.3,146.4,-18.6,-18.5,1723
136.9,137,-13.8,-13.7,1724
146.4,146.5,-18.6,-18.5,1725
116.5,116.6,-20.6,-20.5,1726
116.6,116.7,-20.6,-20.5,1727
116.7,116.8,-20.6,-20.5,1728
116.8,116.9,-20.6,-20.5,1729
117.8,117.9,-20.6,-20.5,1730
117.9,118,-20.6,-20.5,1731
142.3,142.4,-10.9,-10.8,1732
142.4,142.5,-10.9,-10.8,1733
142.5,142.6,-10.9,-10.8,1734
142.6,142.7,-10.9,-10.8,1735
122.1,122.2,-17.7,-17.6,1736
122.2,122.3,-17.7,-17.6,1737
125.1,125.2,-14.8,-14.7,1738
125.2,125.3,-14.8,-14.7,1739
125.6,125.7,-14.8,-14.7,1740
138.1,138.2,-16.7,-16.6,1741
125.8,125.9,-14.8,-14.7,1742
125.9,126,-14.8,-14.7,1743
139.1,139.2,-16.7,-16.6,1744
137.5,137.6,-33.1,-33,1745
139.2,139.3,-16.7,-16.6,1746
139.3,139.4,-16.7,-16.6,1747
137.6,137.7,-33.1,-33,1748
139.4,139.5,-16.7,-16.6,1749
130,130.1,-11.9,-11.8,1750
137.9,138,-33.1,-33,1751
130.1,130.2,-11.9,-11.8,1752
138,138.1,-33.1,-33,1753
149.2,149.3,-21.5,-21.4,1754
149.3,149.4,-21.5,-21.4,1755
130.3,130.4,-11.9,-11.8,1756
130.4,130.5,-11.9,-11.8,1757
150.6,150.7,-35,-34.9,1758
130.5,130.6,-11.9,-11.8,1759
150.7,150.8,-35,-34.9,1760
130.6,130.7,-11.9,-11.8,1761
130.7,130.8,-11.9,-11.8,1762
130.8,130.9,-11.9,-11.8,1763
128.1,128.2,-14.8,-14.7,1764
130.9,131,-11.9,-11.8,1765
128.2,128.3,-14.8,-14.7,1766
131,131.1,-11.9,-11.8,1767
128.3,128.4,-14.8,-14.7,1768
143.4,143.5,-13.8,-13.7,1769
131.1,131.2,-11.9,-11.8,1770
128.4,128.5,-14.8,-14.7,1771
143.5,143.6,-13.8,-13.7,1772
128.5,128.6,-14.8,-14.7,1773
143.6,143.7,-13.8,-13.7,1774
128.6,128.7,-14.8,-14.7,1775
128.7,128.8,-14.8,-14.7,1776
141.1,141.2,-16.7,-16.6,1777
114.9,115,-29.3,-29.2,1778
141.2,141.3,-16.7,-16.6,1779
141.3,141.4,-16.7,-16.6,1780
129.4,129.5,-14.8,-14.7,1781
129.5,129.6,-14.8,-14.7,1782
129.6,129.7,-14.8,-14.7,1783
129.7,129.8,-14.8,-14.7,1784
132.5,132.6,-11.9,-11.8,1785
129.8,129.9,-14.8,-14.7,1786
132.6,132.7,-11.9,-11.8,1787
129.9,130,-14.8,-14.7,1788
132.7,132.8,-11.9,-11.8,1789
130,130.1,-14.8,-14.7,1790
132.8,132.9,-11.9,-11.8,1791
133.4,133.5,-11.9,-11.8,1792
133.5,133.6,-11.9,-11.8,1793
133.6,133.7,-11.9,-11.8,1794
133.7,133.8,-11.9,-11.8,1795
133.8,133.9,-11.9,-11.8,1796
133.9,134,-11.9,-11.8,1797
134,134.1,-11.9,-11.8,1798
134.2,134.3,-11.9,-11.8,1799
135.8,135.9,-11.9,-11.8,1800
135.9,136,-11.9,-11.8,1801
136,136.1,-11.9,-11.8,1802
136.3,136.4,-11.9,-11.8,1803
136.4,136.5,-11.9,-11.8,1804
136.5,136.6,-11.9,-11.8,1805
136.6,136.7,-11.9,-11.8,1806
135.1,135.2,-14.8,-14.7,1807
135.2,135.3,-14.8,-14.7,1808
135.3,135.4,-14.8,-14.7,1809
135.4,135.5,-14.8,-14.7,1810
115.2,115.3,-21.6,-21.5,1811
115.3,115.4,-21.6,-21.5,1812
115.4,115.5,-21.6,-21.5,1813
115.5,115.6,-21.6,-21.5,1814
152.9,153,-27.3,-27.2,1815
153,153.1,-27.3,-27.2,1816
153.4,153.5,-27.3,-27.2,1817
147,147.1,-19.6,-19.5,1818
147.1,147.2,-19.6,-19.5,1819
147.2,147.3,-19.6,-19.5,1820
147.4,147.5,-19.6,-19.5,1821
147.5,147.6,-19.6,-19.5,1822
141.9,142,-11.9,-11.8,1823
142,142.1,-11.9,-11.8,1824
142.1,142.2,-11.9,-11.8,1825
124.3,124.4,-15.8,-15.7,1826
121.6,121.7,-18.7,-18.6,1827
124.4,124.5,-15.8,-15.7,1828
121.7,121.8,-18.7,-18.6,1829
121.8,121.9,-18.7,-18.6,1830
124.6,124.7,-15.8,-15.7,1831
124.7,124.8,-15.8,-15.7,1832
142.8,142.9,-11.9,-11.8,1833
142.9,143,-11.9,-11.8,1834
143,143.1,-11.9,-11.8,1835
143.1,143.2,-11.9,-11.8,1836
151.6,151.7,-33.1,-33,1837
146.1,146.2,-38.9,-38.8,1838
146.2,146.3,-38.9,-38.8,1839
146.3,146.4,-38.9,-38.8,1840
146.4,146.5,-38.9,-38.8,1841
141.5,141.6,-14.8,-14.7,1842
141.6,141.7,-14.8,-14.7,1843
137.5,137.6,-34.1,-34,1844
150,150.1,-36,-35.9,1845
139.4,139.5,-17.7,-17.6,1846
150.1,150.2,-36,-35.9,1847
139.5,139.6,-17.7,-17.6,1848
139.6,139.7,-17.7,-17.6,1849
139.7,139.8,-17.7,-17.6,1850
139.8,139.9,-17.7,-17.6,1851
130.3,130.4,-12.9,-12.8,1852
139.9,140,-17.7,-17.6,1853
130.4,130.5,-12.9,-12.8,1854
130.5,130.6,-12.9,-12.8,1855
149.5,149.6,-22.5,-22.4,1856
130.6,130.7,-12.9,-12.8,1857
149.6,149.7,-22.5,-22.4,1858
140.2,140.3,-17.7,-17.6,1859
149.7,149.8,-22.5,-22.4,1860
140.3,140.4,-17.7,-17.6,1861
149.8,149.9,-22.5,-22.4,1862
140.4,140.5,-17.7,-17.6,1863
149.9,150,-22.5,-22.4,1864
140.5,140.6,-17.7,-17.6,1865
150,150.1,-22.5,-22.4,1866
140.6,140.7,-17.7,-17.6,1867
140.7,140.8,-17.7,-17.6,1868
150.2,150.3,-22.5,-22.4,1869
150.3,150.4,-22.5,-22.4,1870
150.4,150.5,-22.5,-22.4,1871
150.5,150.6,-22.5,-22.4,1872
150.6,150.7,-22.5,-22.4,1873
150.7,150.8,-22.5,-22.4,1874
144.9,145,-14.8,-14.7,1875
145,145.1,-14.8,-14.7,1876
145.1,145.2,-14.8,-14.7,1877
145.2,145.3,-14.8,-14.7,1878
136.4,136.5,-12.9,-12.8,1879
146,146.1,-17.7,-17.6,1880
136.5,136.6,-12.9,-12.8,1881
152.8,152.9,-25.4,-25.3,1882
146.1,146.2,-17.7,-17.6,1883
136.6,136.7,-12.9,-12.8,1884
152.9,153,-25.4,-25.3,1885
153,153.1,-25.4,-25.3,1886
114.1,114.2,-22.6,-22.5,1887
114.2,114.3,-22.6,-22.5,1888
133.3,133.4,-32.2,-32.1,1889
114.3,114.4,-22.6,-22.5,1890
133.4,133.5,-32.2,-32.1,1891
133.5,133.6,-32.2,-32.1,1892
133.6,133.7,-32.2,-32.1,1893
136.4,136.5,-15.8,-15.7,1894
136.5,136.6,-15.8,-15.7,1895
136.6,136.7,-15.8,-15.7,1896
136.7,136.8,-15.8,-15.7,1897
136.8,136.9,-15.8,-15.7,1898
136.9,137,-15.8,-15.7,1899
137,137.1,-15.8,-15.7,1900
137.1,137.2,-15.8,-15.7,1901
153.4,153.5,-28.3,-28.2,1902
153.5,153.6,-28.3,-28.2,1903
113.9,114,-25.5,-25.4,1904
122.5,122.6,-16.8,-16.7,1905
122.6,122.7,-16.8,-16.7,1906
122.7,122.8,-16.8,-16.7,1907
122.8,122.9,-16.8,-16.7,1908
123,123.1,-16.8,-16.7,1909
123.1,123.2,-16.8,-16.7,1910
126.3,126.4,-13.9,-13.8,1911
123.6,123.7,-16.8,-16.7,1912
123.7,123.8,-16.8,-16.7,1913
126.5,126.6,-13.9,-13.8,1914
126.6,126.7,-13.9,-13.8,1915
141.7,141.8,-12.9,-12.8,1916
123.9,124,-16.8,-16.7,1917
126.7,126.8,-13.9,-13.8,1918
141.8,141.9,-12.9,-12.8,1919
148.6,148.7,-20.6,-20.5,1920
126.8,126.9,-13.9,-13.8,1921
141.9,142,-12.9,-12.8,1922
148.7,148.8,-20.6,-20.5,1923
142,142.1,-12.9,-12.8,1924
148.8,148.9,-20.6,-20.5,1925
127,127.1,-13.9,-13.8,1926
127.1,127.2,-13.9,-13.8,1927
151,151.1,-34.1,-34,1928
151.1,151.2,-34.1,-34,1929
143.3,143.4,-12.9,-12.8,1930
151.2,151.3,-34.1,-34,1931
143.4,143.5,-12.9,-12.8,1932
143.5,143.6,-12.9,-12.8,1933
141.4,141.5,-15.8,-15.7,1934
141.5,141.6,-15.8,-15.7,1935
149.8,149.9,-37,-36.9,1936
129.7,129.8,-13.9,-13.8,1937
132.5,132.6,-11,-10.9,1938
150.5,150.6,-23.5,-23.4,1939
150.6,150.7,-23.5,-23.4,1940
150.7,150.8,-23.5,-23.4,1941
150.8,150.9,-23.5,-23.4,1942
150.9,151,-23.5,-23.4,1943
151,151.1,-23.5,-23.4,1944
151.1,151.2,-23.5,-23.4,1945
145.3,145.4,-15.8,-15.7,1946
145.4,145.5,-15.8,-15.7,1947
135.9,136,-13.9,-13.8,1948
136,136.1,-13.9,-13.8,1949
136.1,136.2,-13.9,-13.8,1950
136.2,136.3,-13.9,-13.8,1951
136.3,136.4,-13.9,-13.8,1952
136.4,136.5,-13.9,-13.8,1953
136.5,136.6,-13.9,-13.8,1954
136.6,136.7,-13.9,-13.8,1955
152.9,153,-26.4,-26.3,1956
136.7,136.8,-13.9,-13.8,1957
146.2,146.3,-18.7,-18.6,1958
153,153.1,-26.4,-26.3,1959
136.8,136.9,-13.9,-13.8,1960
146.3,146.4,-18.7,-18.6,1961
146.4,146.5,-18.7,-18.6,1962
146.5,146.6,-18.7,-18.6,1963
116.5,116.6,-20.7,-20.6,1964
116.6,116.7,-20.7,-20.6,1965
116.7,116.8,-20.7,-20.6,1966
116.8,116.9,-20.7,-20.6,1967
116.9,117,-20.7,-20.6,1968
117,117.1,-20.7,-20.6,1969
117.1,117.2,-20.7,-20.6,1970
117.2,117.3,-20.7,-20.6,1971
117.5,117.6,-20.7,-20.6,1972
117.6,117.7,-20.7,-20.6,1973
117.7,117.8,-20.7,-20.6,1974
117.8,117.9,-20.7,-20.6,1975
134.3,134.4,-33.2,-33.1,1976
134.5,134.6,-33.2,-33.1,1977
142.1,142.2,-11,-10.9,1978
142.2,142.3,-11,-10.9,1979
142.3,142.4,-11,-10.9,1980
142.4,142.5,-11,-10.9,1981
142.5,142.6,-11,-10.9,1982
142.6,142.7,-11,-10.9,1983
142.7,142.8,-11,-10.9,1984
122.1,122.2,-17.8,-17.7,1985
122.2,122.3,-17.8,-17.7,1986
125.1,125.2,-14.9,-14.8,1987
125.2,125.3,-14.9,-14.8,1988
125.3,125.4,-14.9,-14.8,1989
138,138.1,-16.8,-16.7,1990
138.1,138.2,-16.8,-16.7,1991
138.3,138.4,-16.8,-16.7,1992
138.4,138.5,-16.8,-16.7,1993
138.5,138.6,-16.8,-16.7,1994
138.6,138.7,-16.8,-16.7,1995
141.4,141.5,-13.9,-13.8,1996
141.5,141.6,-13.9,-13.8,1997
152.3,152.4,-32.2,-32.1,1998
152.4,152.5,-32.2,-32.1,1999
152.5,152.6,-32.2,-32.1,2000
139.1,139.2,-16.8,-16.7,2001
137.4,137.5,-33.2,-33.1,2002
139.2,139.3,-16.8,-16.7,2003
137.5,137.6,-33.2,-33.1,2004
139.3,139.4,-16.8,-16.7,2005
139.4,139.5,-16.8,-16.7,2006
137.8,137.9,-33.2,-33.1,2007
137.9,138,-33.2,-33.1,2008
138,138.1,-33.2,-33.1,2009
149.2,149.3,-21.6,-21.5,2010
149.3,149.4,-21.6,-21.5,2011
149.4,149.5,-21.6,-21.5,2012
150.6,150.7,-35.1,-35,2013
150.7,150.8,-35.1,-35,2014
128,128.1,-14.9,-14.8,2015
128.1,128.2,-14.9,-14.8,2016
130.9,131,-12,-11.9,2017
128.2,128.3,-14.9,-14.8,2018
131,131.1,-12,-11.9,2019
128.3,128.4,-14.9,-14.8,2020
128.4,128.5,-14.9,-14.8,2021
143.5,143.6,-13.9,-13.8,2022
128.5,128.6,-14.9,-14.8,2023
128.6,128.7,-14.9,-14.8,2024
143.7,143.8,-13.9,-13.8,2025
128.7,128.8,-14.9,-14.8,2026
141.1,141.2,-16.8,-16.7,2027
128.8,128.9,-14.9,-14.8,2028
141.2,141.3,-16.8,-16.7,2029
128.9,129,-14.9,-14.8,2030
129,129.1,-14.9,-14.8,2031
129.2,129.3,-14.9,-14.8,2032
129.3,129.4,-14.9,-14.8,2033
129.5,129.6,-14.9,-14.8,2034
129.6,129.7,-14.9,-14.8,2035
129.7,129.8,-14.9,-14.8,2036
129.8,129.9,-14.9,-14.8,2037
132.6,132.7,-12,-11.9,2038
129.9,130,-14.9,-14.8,2039
132.7,132.8,-12,-11.9,2040
133.3,133.4,-12,-11.9,2041
133.4,133.5,-12,-11.9,2042
133.5,133.6,-12,-11.9,2043
133.7,133.8,-12,-11.9,2044
133.8,133.9,-12,-11.9,2045
133.9,134,-12,-11.9,2046
134,134.1,-12,-11.9,2047
134.1,134.2,-12,-11.9,2048
134.2,134.3,-12,-11.9,2049
134.6,134.7,-12,-11.9,2050
134.7,134.8,-12,-11.9,2051
134.8,134.9,-12,-11.9,2052
135.5,135.6,-12,-11.9,2053
135.6,135.7,-12,-11.9,2054
151.9,152,-24.5,-24.4,2055
135.7,135.8,-12,-11.9,2056
152,152.1,-24.5,-24.4,2057
135.8,135.9,-12,-11.9,2058
145.6,145.7,-16.8,-16.7,2059
145.7,145.8,-16.8,-16.7,2060
136.2,136.3,-12,-11.9,2061
136.3,136.4,-12,-11.9,2062
136.4,136.5,-12,-11.9,2063
136.5,136.6,-12,-11.9,2064
135.3,135.4,-14.9,-14.8,2065
135.4,135.5,-14.9,-14.8,2066
114.9,115,-21.7,-21.6,2067
115,115.1,-21.7,-21.6,2068
135.7,135.8,-14.9,-14.8,2069
115.1,115.2,-21.7,-21.6,2070
115.2,115.3,-21.7,-21.6,2071
153,153.1,-27.4,-27.3,2072
153.1,153.2,-27.4,-27.3,2073
153.2,153.3,-27.4,-27.3,2074
153.3,153.4,-27.4,-27.3,2075
153.4,153.5,-27.4,-27.3,2076
147.4,147.5,-19.7,-19.6,2077
147.5,147.6,-19.7,-19.6,2078
147.6,147.7,-19.7,-19.6,2079
141.8,141.9,-12,-11.9,2080
141.9,142,-12,-11.9,2081
142,142.1,-12,-11.9,2082
142.1,142.2,-12,-11.9,2083
142.2,142.3,-12,-11.9,2084
121.6,121.7,-18.8,-18.7,2085
124.4,124.5,-15.9,-15.8,2086
121.7,121.8,-18.8,-18.7,2087
124.5,124.6,-15.9,-15.8,2088
124.6,124.7,-15.9,-15.8,2089
124.7,124.8,-15.9,-15.8,2090
142.8,142.9,-12,-11.9,2091
142.9,143,-12,-11.9,2092
143,143.1,-12,-11.9,2093
143.1,143.2,-12,-11.9,2094
143.2,143.3,-12,-11.9,2095
151.6,151.7,-33.2,-33.1,2096
146.4,146.5,-39,-38.9,2097
141.5,141.6,-14.9,-14.8,2098
141.6,141.7,-14.9,-14.8,2099
150,150.1,-36.1,-36,2100
150.1,150.2,-36.1,-36,2101
139.6,139.7,-17.8,-17.7,2102
130.1,130.2,-13,-12.9,2103
138,138.1,-34.2,-34.1,2104
139.7,139.8,-17.8,-17.7,2105
130.2,130.3,-13,-12.9,2106
138.1,138.2,-34.2,-34.1,2107
139.8,139.9,-17.8,-17.7,2108
130.3,130.4,-13,-12.9,2109
139.9,140,-17.8,-17.7,2110
130.4,130.5,-13,-12.9,2111
140,140.1,-17.8,-17.7,2112
140.1,140.2,-17.8,-17.7,2113
149.6,149.7,-22.6,-22.5,2114
140.2,140.3,-17.8,-17.7,2115
149.7,149.8,-22.6,-22.5,2116
140.3,140.4,-17.8,-17.7,2117
149.8,149.9,-22.6,-22.5,2118
140.4,140.5,-17.8,-17.7,2119
149.9,150,-22.6,-22.5,2120
150,150.1,-22.6,-22.5,2121
140.6,140.7,-17.8,-17.7,2122
150.3,150.4,-22.6,-22.5,2123
150.4,150.5,-22.6,-22.5,2124
150.5,150.6,-22.6,-22.5,2125
150.6,150.7,-22.6,-22.5,2126
150.7,150.8,-22.6,-22.5,2127
144.9,145,-14.9,-14.8,2128
145,145.1,-14.9,-14.8,2129
145.1,145.2,-14.9,-14.8,2130
145.2,145.3,-14.9,-14.8,2131
136.3,136.4,-13,-12.9,2132
136.4,136.5,-13,-12.9,2133
152.7,152.8,-25.5,-25.4,2134
146,146.1,-17.8,-17.7,2135
136.5,136.6,-13,-12.9,2136
152.8,152.9,-25.5,-25.4,2137
146.1,146.2,-17.8,-17.7,2138
136.6,136.7,-13,-12.9,2139
152.9,153,-25.5,-25.4,2140
153,153.1,-25.5,-25.4,2141
133.3,133.4,-32.3,-32.2,2142
133.4,133.5,-32.3,-32.2,2143
133.5,133.6,-32.3,-32.2,2144
133.6,133.7,-32.3,-32.2,2145
133.8,133.9,-32.3,-32.2,2146
136.4,136.5,-15.9,-15.8,2147
142,142.1,-10.1,-10,2148
136.5,136.6,-15.9,-15.8,2149
142.1,142.2,-10.1,-10,2150
136.6,136.7,-15.9,-15.8,2151
136.7,136.8,-15.9,-15.8,2152
136.8,136.9,-15.9,-15.8,2153
136.9,137,-15.9,-15.8,2154
137,137.1,-15.9,-15.8,2155
153.5,153.6,-28.4,-28.3,2156
122.5,122.6,-16.9,-16.8,2157
123,123.1,-16.9,-16.8,2158
123.1,123.2,-16.9,-16.8,2159
126,126.1,-14,-13.9,2160
126.1,126.2,-14,-13.9,2161
126.2,126.3,-14,-13.9,2162
126.3,126.4,-14,-13.9,2163
126.4,126.5,-14,-13.9,2164
123.7,123.8,-16.9,-16.8,2165
126.5,126.6,-14,-13.9,2166
141.6,141.7,-13,-12.9,2167
123.8,123.9,-16.9,-16.8,2168
126.6,126.7,-14,-13.9,2169
123.9,124,-16.9,-16.8,2170
126.7,126.8,-14,-13.9,2171
141.8,141.9,-13,-12.9,2172
148.6,148.7,-20.7,-20.6,2173
126.8,126.9,-14,-13.9,2174
141.9,142,-13,-12.9,2175
148.7,148.8,-20.7,-20.6,2176
126.9,127,-14,-13.9,2177
142,142.1,-13,-12.9,2178
148.8,148.9,-20.7,-20.6,2179
127,127.1,-14,-13.9,2180
127.1,127.2,-14,-13.9,2181
127.2,127.3,-14,-13.9,2182
127.3,127.4,-14,-13.9,2183
127.4,127.5,-14,-13.9,2184
143.3,143.4,-13,-12.9,2185
143.4,143.5,-13,-12.9,2186
114.4,114.5,-28.5,-28.4,2187
141.4,141.5,-15.9,-15.8,2188
141.5,141.6,-15.9,-15.8,2189
141.6,141.7,-15.9,-15.8,2190
132.4,132.5,-11.1,-11,2191
129.7,129.8,-14,-13.9,2192
132.5,132.6,-11.1,-11,2193
150.6,150.7,-23.6,-23.5,2194
150.7,150.8,-23.6,-23.5,2195
150.8,150.9,-23.6,-23.5,2196
150.9,151,-23.6,-23.5,2197
151,151.1,-23.6,-23.5,2198
151.1,151.2,-23.6,-23.5,2199
151.2,151.3,-23.6,-23.5,2200
145.3,145.4,-15.9,-15.8,2201
136.7,136.8,-11.1,-11,2202
135.8,135.9,-14,-13.9,2203
135.9,136,-14,-13.9,2204
136.4,136.5,-14,-13.9,2205
136.7,136.8,-14,-13.9,2206
146.2,146.3,-18.8,-18.7,2207
153,153.1,-26.5,-26.4,2208
136.8,136.9,-14,-13.9,2209
146.5,146.6,-18.8,-18.7,2210
116.4,116.5,-20.8,-20.7,2211
146.6,146.7,-18.8,-18.7,2212
116.5,116.6,-20.8,-20.7,2213
116.6,116.7,-20.8,-20.7,2214
116.8,116.9,-20.8,-20.7,2215
116.9,117,-20.8,-20.7,2216
117.1,117.2,-20.8,-20.7,2217
117.2,117.3,-20.8,-20.7,2218
117.3,117.4,-20.8,-20.7,2219
117.4,117.5,-20.8,-20.7,2220
117.5,117.6,-20.8,-20.7,2221
117.6,117.7,-20.8,-20.7,2222
117.7,117.8,-20.8,-20.7,2223
134.6,134.7,-33.3,-33.2,2224
134.7,134.8,-33.3,-33.2,2225
142.1,142.2,-11.1,-11,2226
144.4,144.5,-38.1,-38,2227
142.2,142.3,-11.1,-11,2228
144.5,144.6,-38.1,-38,2229
142.3,142.4,-11.1,-11,2230
142.4,142.5,-11.1,-11,2231
124.6,124.7,-15,-14.9,2232
142.5,142.6,-11.1,-11,2233
124.7,124.8,-15,-14.9,2234
142.6,142.7,-11.1,-11,2235
153.2,153.3,-29.4,-29.3,2236
124.8,124.9,-15,-14.9,2237
142.7,142.8,-11.1,-11,2238
153.3,153.4,-29.4,-29.3,2239
124.9,125,-15,-14.9,2240
125.1,125.2,-15,-14.9,2241
125.2,125.3,-15,-14.9,2242
125.3,125.4,-15,-14.9,2243
125.4,125.5,-15,-14.9,2244
125.5,125.6,-15,-14.9,2245
138.4,138.5,-16.9,-16.8,2246
138.5,138.6,-16.9,-16.8,2247
141.4,141.5,-14,-13.9,2248
138.7,138.8,-16.9,-16.8,2249
141.5,141.6,-14,-13.9,2250
138.8,138.9,-16.9,-16.8,2251
152.3,152.4,-32.3,-32.2,2252
138.9,139,-16.9,-16.8,2253
152.4,152.5,-32.3,-32.2,2254
139,139.1,-16.9,-16.8,2255
137.3,137.4,-33.3,-33.2,2256
152.5,152.6,-32.3,-32.2,2257
139.1,139.2,-16.9,-16.8,2258
137.4,137.5,-33.3,-33.2,2259
137.8,137.9,-33.3,-33.2,2260
137.9,138,-33.3,-33.2,2261
149.4,149.5,-21.7,-21.6,2262
128,128.1,-15,-14.9,2263
128.1,128.2,-15,-14.9,2264
130.9,131,-12.1,-12,2265
128.2,128.3,-15,-14.9,2266
131,131.1,-12.1,-12,2267
128.3,128.4,-15,-14.9,2268
131.1,131.2,-12.1,-12,2269
128.4,128.5,-15,-14.9,2270
143.5,143.6,-14,-13.9,2271
131.2,131.3,-12.1,-12,2272
128.5,128.6,-15,-14.9,2273
143.6,143.7,-14,-13.9,2274
131.3,131.4,-12.1,-12,2275
143.7,143.8,-14,-13.9,2276
141,141.1,-16.9,-16.8,2277
143.8,143.9,-14,-13.9,2278
141.1,141.2,-16.9,-16.8,2279
141.2,141.3,-16.9,-16.8,2280
128.9,129,-15,-14.9,2281
129,129.1,-15,-14.9,2282
129.1,129.2,-15,-14.9,2283
129.2,129.3,-15,-14.9,2284
129.3,129.4,-15,-14.9,2285
129.4,129.5,-15,-14.9,2286
129.5,129.6,-15,-14.9,2287
132.3,132.4,-12.1,-12,2288
129.6,129.7,-15,-14.9,2289
132.4,132.5,-12.1,-12,2290
129.7,129.8,-15,-14.9,2291
132.5,132.6,-12.1,-12,2292
129.8,129.9,-15,-14.9,2293
132.6,132.7,-12.1,-12,2294
132.7,132.8,-12.1,-12,2295
132.8,132.9,-12.1,-12,2296
134.1,134.2,-12.1,-12,2297
134.2,134.3,-12.1,-12,2298
134.3,134.4,-12.1,-12,2299
134.4,134.5,-12.1,-12,2300
134.5,134.6,-12.1,-12,2301
134.6,134.7,-12.1,-12,2302
134.7,134.8,-12.1,-12,2303
134.8,134.9,-12.1,-12,2304
134.9,135,-12.1,-12,2305
135,135.1,-12.1,-12,2306
135.3,135.4,-12.1,-12,2307
135.4,135.5,-12.1,-12,2308
135.5,135.6,-12.1,-12,2309
135.6,135.7,-12.1,-12,2310
135.7,135.8,-12.1,-12,2311
152,152.1,-24.6,-24.5,2312
152.1,152.2,-24.6,-24.5,2313
135.9,136,-12.1,-12,2314
136,136.1,-12.1,-12,2315
145.6,145.7,-16.9,-16.8,2316
136.1,136.2,-12.1,-12,2317
145.7,145.8,-16.9,-16.8,2318
136.2,136.3,-12.1,-12,2319
145.8,145.9,-16.9,-16.8,2320
136.3,136.4,-12.1,-12,2321
145.9,146,-16.9,-16.8,2322
136.4,136.5,-12.1,-12,2323
136.5,136.6,-12.1,-12,2324
136.7,136.8,-12.1,-12,2325
136.8,136.9,-12.1,-12,2326
135.2,135.3,-15,-14.9,2327
135.3,135.4,-15,-14.9,2328
135.4,135.5,-15,-14.9,2329
135.5,135.6,-15,-14.9,2330
114.8,114.9,-21.8,-21.7,2331
135.6,135.7,-15,-14.9,2332
114.9,115,-21.8,-21.7,2333
135.7,135.8,-15,-14.9,2334
153.1,153.2,-27.5,-27.4,2335
153.2,153.3,-27.5,-27.4,2336
153.3,153.4,-27.5,-27.4,2337
153.4,153.5,-27.5,-27.4,2338
153.5,153.6,-27.5,-27.4,2339
147.5,147.6,-19.8,-19.7,2340
147.6,147.7,-19.8,-19.7,2341
147.7,147.8,-19.8,-19.7,2342
147.8,147.9,-19.8,-19.7,2343
141.7,141.8,-12.1,-12,2344
141.8,141.9,-12.1,-12,2345
141.9,142,-12.1,-12,2346
124.1,124.2,-16,-15.9,2347
142,142.1,-12.1,-12,2348
124.2,124.3,-16,-15.9,2349
142.1,142.2,-12.1,-12,2350
124.3,124.4,-16,-15.9,2351
142.2,142.3,-12.1,-12,2352
121.6,121.7,-18.9,-18.8,2353
124.4,124.5,-16,-15.9,2354
153,153.1,-30.4,-30.3,2355
124.5,124.6,-16,-15.9,2356
153.1,153.2,-30.4,-30.3,2357
124.6,124.7,-16,-15.9,2358
124.7,124.8,-16,-15.9,2359
143,143.1,-12.1,-12,2360
143.1,143.2,-12.1,-12,2361
151.5,151.6,-33.3,-33.2,2362
141.6,141.7,-15,-14.9,2363
150.1,150.2,-36.2,-36.1,2364
137.9,138,-34.3,-34.2,2365
130.1,130.2,-13.1,-13,2366
138,138.1,-34.3,-34.2,2367
138.1,138.2,-34.3,-34.2,2368
150,150.1,-22.7,-22.6,2369
150.4,150.5,-22.7,-22.6,2370
150.5,150.6,-22.7,-22.6,2371
150.6,150.7,-22.7,-22.6,2372
150.7,150.8,-22.7,-22.6,2373
145.1,145.2,-15,-14.9,2374
145.2,145.3,-15,-14.9,2375
136.1,136.2,-13.1,-13,2376
136.2,136.3,-13.1,-13,2377
136.3,136.4,-13.1,-13,2378
136.4,136.5,-13.1,-13,2379